Client;Payment terms;Day Limit;Date Type;Calendar Day for the Baseline Date for Payment;Additional Months;Days from Baseline Date for Payment;Cash Discount Percentage Rate;Days from Baseline Date for Payment;Cash Discount Percentage Rate;Days from Baseline Date for Payment;Due Date for Special Condition;Additional Months for Special Condition (Term 1);Due Date for Special Condition;Additional Months for Special Condition (Term 2);Due Date for Special Condition;Additional Months for Special Condition (Term 3);Print terms of payment in RV papers;Payment Block (Default Value);Transfer payment block;Number of the standard text;Payment method;Transfer payment method;Account Type;Single-Character Flag;Recurring Entries;Language Key;Payment Term Description;Description1;Description2;Description3;Description4;Description5
030;0001;00;B;00;00;000;0.000;000;0.000;000;00;00;00;00;00;00;;;;;;;;;;E;Pay immediately w/o deduction;;;;;
030;0002;00;B;00;00;014;2.000;030;0.000;000;00;00;00;00;00;00;;;;;;;;;;E;14 days 2%, 30 days net;within 30 days Due net;;;;
030;0005;00;;10;01;000;0.000;000;0.000;000;00;00;00;00;00;00;;;;;;;;;;E;from the 10th of subs. month;Baseline date on 10 of next month;;;;
030;CH01;00;B;00;00;014;3.000;060;0.000;000;00;00;00;00;00;00;;;;;;;;;;E;;within 60 days Due net;;;;
030;CZ17;00;;00;00;017;0.000;000;0.000;000;00;00;00;00;00;00;;;;;;;;;;E;;;;;;
030;CZ21;00;;00;00;021;0.000;000;0.000;000;00;00;00;00;00;00;;;;;;;;;;E;;;;;;
030;CZ75;00;;00;00;075;0.000;000;0.000;000;00;00;00;00;00;00;;;;;;;;;;E;;;;;;
030;D021;00;B;31;00;030;0.000;000;0.000;000;00;00;00;00;00;00;;;;;;;D;;;E;;Baseline date on End of the month;;;;
030;D023;00;B;31;00;000;0.000;000;0.000;000;31;02;00;00;00;00;;;;;;;;;;E;;Baseline date on End of the month;;;;
030;D033;00;B;00;00;007;3.000;030;0.000;000;00;00;00;00;00;00;;;;;;;;;;E;7 days 3%, 30 days net;within 30 days Due net;;;;
030;D034;00;B;00;00;007;0.000;000;0.000;000;00;00;00;00;00;00;;;;;;;;;;E;;;;;;
030;D036;00;B;00;00;010;3.000;014;0.000;000;00;00;00;00;00;00;;;;;;;;;;E;;within 14 days Due net;;;;
030;D037;00;B;00;00;030;3.000;075;0.000;000;00;00;00;00;00;00;;;;;;;;;;E;;within 75 days Due net;;;;
030;D038;00;B;00;00;014;3.000;000;0.000;000;00;00;00;00;00;00;;;;;;;;;;E;;;;;;
030;D039;00;B;00;00;045;3.000;060;0.000;000;00;00;00;00;00;00;;;;;;;;;;E;;within 60 days Due net;;;;
030;D043;00;B;31;00;015;0.000;000;0.000;000;00;00;00;00;00;00;;;;;;;D;;;E;;Baseline date on End of the month;;;;
030;D054;00;B;00;00;000;0.000;000;0.000;000;31;01;00;00;00;00;;;;;;;;;;E;;;;;;
030;D056;00;B;00;00;014;3.000;000;0.000;000;00;00;31;01;00;00;;;;;;;;;;E;;Before End of the next month  Due net;;;;
030;D062;00;D;00;00;060;3.000;000;0.000;000;00;00;00;00;00;00;;;;;;;;;;E;Within 60 days 3% discount;;;;;
030;D331;00;B;00;00;060;3.000;090;0.000;000;00;00;00;00;00;00;;;;;;;;;;E;;within 90 days Due net;;;;
030;DB00;00;B;00;00;000;0.000;000;0.000;000;00;00;00;00;00;00;;;;;;;;;;E;;;;;;
030;DB03;00;B;00;00;000;3.000;000;0.000;000;00;00;00;00;00;00;;;;;;;;;;E;;;;;;
030;DB06;00;B;31;00;021;3.000;000;0.000;000;00;00;00;00;00;00;;;;;;;;;;E;;Baseline date on End of the month;;;;
030;DD00;00;B;00;00;000;0.000;000;0.000;000;00;00;00;00;00;00;;;;;;;;;;E;advanced payment;;;;;
030;DD01;00;B;00;00;000;0.000;000;0.000;000;00;00;00;00;00;00;;;;;;;;;;E;Payable immediately Due net;;;;;
030;DD02;00;B;00;00;014;0.000;000;0.000;000;00;00;00;00;00;00;;;;;;;;;;E;Within 14 days Due net;;;;;
030;DD03;00;B;00;00;030;0.000;000;0.000;000;00;00;00;00;00;00;;;;;;;;;;E;Within 30 days Due net;;;;;
030;DD04;00;B;00;00;045;0.000;000;0.000;000;00;00;00;00;00;00;;;;;;;;;;E;Within 45 days Due net;;;;;
030;DD05;00;B;00;00;060;0.000;000;0.000;000;00;00;00;00;00;00;;;;;;;;;;E;Within 60 days Due net;;;;;
030;DD06;00;B;00;00;090;0.000;000;0.000;000;00;00;00;00;00;00;;;;;;;;;;E;90 days Due net;;;;;
030;DD07;00;B;00;00;120;0.000;000;0.000;000;00;00;00;00;00;00;;;;;;;;;;E;120 Days Net;;;;;
030;DD08;00;B;00;00;060;0.000;000;0.000;000;00;00;00;00;00;00;;;;;;;;;;E;;;;;;
030;DD0A;00;B;00;00;005;0.000;000;0.000;000;00;00;00;00;00;00;;;;;;;;;;E;Within 5 days Due net;;;;;
030;DD0C;00;B;00;00;015;0.500;045;0.000;000;00;00;00;00;00;00;;;;;;;;;;E;;within 45 days Due net;;;;
030;DD0D;00;B;00;00;030;1.000;090;0.000;000;00;00;00;00;00;00;;;;;;;;;;E;EN 30d.1% sconto, 90d.due net;within 90 days Due net;;;;
030;DD0G;00;B;31;00;000;0.000;000;0.000;000;05;03;00;00;00;00;;;;;;;;;;E;;Baseline date on End of the month;;;;
030;DD0H;00;B;00;00;014;0.400;000;0.000;000;00;00;31;01;00;00;;;;;;;;;;E;;Before End of the next month  Due net;;;;
030;DD0Z;00;B;00;00;014;3.000;000;0.000;000;00;00;31;01;00;00;;;;;;;;;;E;;Before End of the next month  Due net;;;;
030;DD10;00;B;00;00;090;0.000;000;0.000;000;00;00;00;00;00;00;;;;;;;;;;E;;;;;;
030;DD11;00;B;00;00;007;0.000;000;0.000;000;00;00;00;00;00;00;;;;;;;;;;E;Within 7 days Due net;;;;;
030;DD12;00;B;00;00;070;0.000;000;0.000;000;00;00;00;00;00;00;;;;;;;;;;E;70 Days Net;;;;;
030;DD13;00;B;00;00;180;0.000;000;0.000;000;00;00;00;00;00;00;;;;;;;;;;E;;;;;;
030;DD14;00;B;00;00;000;0.000;000;0.000;000;00;00;00;00;00;00;;;;;;;;;;E;;;;;;
030;DD15;00;B;00;00;030;0.000;000;0.000;000;00;00;00;00;00;00;;;;;;;;;;E;;;;;;
030;DD16;00;B;31;00;000;0.000;000;0.000;000;25;01;00;00;00;00;;;;;;;;;;E;25 Days, Bank Transfer;Baseline date on End of the month;;;;
030;DD17;00;B;00;00;060;0.000;000;0.000;000;00;00;00;00;00;00;;;;;;;;;;E;;;;;;
030;DD1A;00;B;31;00;015;0.000;000;0.000;000;00;00;00;00;00;00;;;;;;;;;;E;15 days end of month;Baseline date on End of the month;;;;
030;DD1C;00;B;00;00;010;0.000;000;0.000;000;00;00;00;00;00;00;;;;;;;;;;E;;;;;;
030;DD1E;00;B;00;00;013;4.000;090;0.000;000;00;00;00;00;00;00;;;;;;;;;;E;13 days 4% 90 days due net;within 90 days Due net;;;;
030;DD1N;31;B;25;01;000;0.000;000;0.000;000;00;00;00;00;00;00;;;;;;;;;;E;Payable immediately Due net;  Payable immediately Due net;  Baseline date on 25 of next month;;;
030;DD21;00;B;00;00;014;3.000;045;0.000;000;00;00;00;00;00;00;;;;;;;;;;E;14/3%,45 net;within 45 days Due net;;;;
030;DD22;00;B;00;00;030;0.000;000;0.000;000;00;00;00;00;00;00;;;;;;;;;;E;;;;;;
030;DD24;00;B;00;00;030;0.000;000;0.000;000;00;00;00;00;00;00;;;;;;;;;;E;;;;;;
030;DD25;00;B;00;00;015;0.000;000;0.000;000;00;00;00;00;00;00;;;;;;;;;;E;Within 15 days Due net;;;;;
030;DD27;00;B;00;00;014;0.000;000;0.000;000;00;00;00;00;00;00;;;;;;;;;;E;;;;;;
030;DD28;00;B;00;00;030;0.000;000;0.000;000;00;00;00;00;00;00;;;;;;;;;;E;;;;;;
030;DD29;00;;00;00;017;0.000;000;0.000;000;00;00;00;00;00;00;;;;;;;;;;E;;;;;;
030;DD2A;00;B;00;00;001;3.000;030;0.000;000;00;00;00;00;00;00;;;;;;;;;;E;;within 30 days Due net;;;;
030;DD31;00;B;00;00;020;0.000;000;0.000;000;00;00;00;00;00;00;;;;;;;;;;E;Within 20 days Due net;;;;;
030;DD33;00;B;00;00;000;4.000;090;0.000;000;25;01;00;00;00;00;;;;;;;;;;E;;within 90 days Due net;;;;
030;DD35;00;B;00;00;015;1.500;075;0.000;000;00;00;00;00;00;00;;;;;;;;;;E;;within 75 days Due net;;;;
030;DD37;00;B;00;00;000;0.000;000;0.000;000;31;03;00;00;00;00;;;;;;;;;;E;;;;;;
030;DD38;00;B;00;00;045;2.000;060;0.000;000;00;00;00;00;00;00;;;;;;;;;;E;;within 60 days Due net;;;;
030;DD3A;00;B;00;00;030;3.000;045;2.000;060;00;00;00;00;00;00;;;;;;;;;;E;;within 45 days 2 % cash discount;within 60 days Due net;;;
030;DD3C;31;B;20;03;000;0.000;000;0.000;000;00;00;00;00;00;00;;;;;;;;;;E;;  Payable immediately Due net;  Baseline date on 20 in 3 months;;;
030;DD3D;00;B;00;00;015;1.500;090;0.000;000;00;00;00;00;00;00;;;;;;;;;;E;;within 90 days Due net;;;;
030;DD42;00;B;00;00;014;1.000;030;0.000;000;00;00;00;00;00;00;;;;;;;;;;E;14 days 1 %, 30 days net;within 30 days Due net;;;;
030;DD43;00;B;00;00;030;1.000;060;0.000;000;00;00;00;00;00;00;;;;;;;;;;E;;within 60 days Due net;;;;
030;DD49;00;B;00;00;030;1.500;072;0.000;000;00;00;00;00;00;00;;;;;;;;;;E;;within 72 days Due net;;;;
030;DD53;00;B;00;00;021;3.000;090;0.000;000;00;00;00;00;00;00;;;;;;;;;;E;;within 90 days Due net;;;;
030;DD56;00;B;00;00;030;2.000;000;0.000;000;00;00;00;00;00;00;;;;;;;;;;E;;;;;;
030;DD58;00;B;00;00;020;3.000;030;2.000;060;00;00;00;00;00;00;;;;;;;;;;E;;within 30 days 2 % cash discount;within 60 days Due net;;;
030;DD59;00;B;00;00;030;2.000;040;0.000;000;00;00;00;00;00;00;;;;;;;;;;E;;within 40 days Due net;;;;
030;DD60;00;B;00;00;000;2.000;000;0.000;000;00;00;00;00;00;00;;;;;;;;;;E;advanced payment 2% Skonto;;;;;
030;DD61;00;B;00;00;003;2.000;030;0.000;000;00;00;00;00;00;00;;;;;;;;;;E;;within 30 days Due net;;;;
030;DD62;00;B;00;00;014;2.000;030;0.000;000;00;00;00;00;00;00;;;;;;;;;;E;14 days 2 %, 30 days due net;within 30 days Due net;;;;
030;DD63;00;B;00;00;014;2.000;030;0.000;000;00;00;00;00;00;00;;;;;;;;;;E;;within 30 days Due net;;;;
030;DD64;00;B;00;00;014;2.000;060;0.000;000;00;00;00;00;00;00;;;;;;;;;;E;14 days 2%, 60 days net;within 60 days Due net;;;;
030;DD65;00;B;00;00;014;2.000;090;0.000;000;00;00;00;00;00;00;;;;;;;;;;E;;within 90 days Due net;;;;
030;DD66;00;B;00;00;030;2.000;060;0.000;000;00;00;00;00;00;00;;;;;;;;;;E;;within 60 days Due net;;;;
030;DD67;00;B;00;00;060;2.000;090;0.000;000;00;00;00;00;00;00;;;;;;;;;;E;;within 90 days Due net;;;;
030;DD71;00;B;00;00;015;2.000;060;0.000;000;00;00;00;00;00;00;;;;;;;;;;E;15 days 2%, 60 days net;within 60 days Due net;;;;
030;DD72;00;B;00;00;000;2.000;000;0.000;000;00;00;00;00;00;00;;;;;;;;;;E;;;;;;
030;DD73;00;B;00;00;014;2.000;000;0.000;000;00;00;00;00;00;00;;;;;;;;;;E;;;;;;
030;DD74;00;B;00;00;030;3.000;075;0.000;000;00;00;00;00;00;00;;;;;;;;;;E;;within 75 days Due net;;;;
030;DD75;00;B;00;00;030;2.000;090;0.000;000;00;00;00;00;00;00;;;;;;;;;;E;;within 90 days Due net;;;;
030;DD76;00;B;00;00;020;2.000;030;0.000;000;00;00;00;00;00;00;;;;;;;;;;E;;within 30 days Due net;;;;
030;DD79;00;B;00;00;021;3.000;030;0.000;000;00;00;00;00;00;00;;;;;;;;;;E;21 days 3 %, 30 days net;within 30 days Due net;;;;
030;DD7C;00;B;00;00;125;0.000;000;0.000;000;00;00;00;00;00;00;;;;;;;;;;E;125 Days net;;;;;
030;DD7D;00;B;00;00;014;0.000;000;0.000;000;00;00;00;00;00;00;;;;;;;;;;E;direct debit within 14 daysdue;;;;;
030;DD80;00;B;00;00;000;3.000;000;0.000;000;00;00;00;00;00;00;;;;;;;;;;E;advanced payment 3% Skonto;;;;;
030;DD81;00;B;00;00;003;3.000;014;2.000;030;00;00;00;00;00;00;;;;;;;;;;E;;within 14 days 2 % cash discount;within 30 days Due net;;;
030;DD82;00;B;00;00;003;3.000;030;0.000;000;00;00;00;00;00;00;;;;;;;;;;E;;within 30 days Due net;;;;
030;DD84;00;B;00;00;014;3.000;030;2.000;090;00;00;00;00;00;00;;;;;;;;;;E;;within 30 days 2 % cash discount;within 90 days Due net;;;
030;DD85;00;B;00;00;014;3.000;030;0.000;000;00;00;00;00;00;00;;;;;;;;;;E;14 days 3%, 30 days net;within 30 days Due net;;;;
030;DD86;00;B;00;00;014;3.000;060;0.000;000;00;00;00;00;00;00;;;;;;;;;;E;;within 60 days Due net;;;;
030;DD87;00;B;00;00;014;3.000;090;0.000;000;00;00;00;00;00;00;;;;;;;;;;E;14 days 3 %, 90 days net;within 90 days Due net;;;;
030;DD88;00;B;00;00;030;3.000;060;0.000;000;00;00;00;00;00;00;;;;;;;;;;E;;within 60 days Due net;;;;
030;DD89;00;B;00;00;030;3.000;090;0.000;000;00;00;00;00;00;00;;;;;;;;;;E;;within 90 days Due net;;;;
030;DD8A;00;B;00;00;008;2.000;090;0.000;000;00;00;00;00;00;00;;;;;;;;;;E;;within 90 days Due net;;;;
030;DD8B;00;B;00;00;008;3.000;014;0.000;000;00;00;00;00;00;00;;;;;;;;;;E;;within 14 days Due net;;;;
030;DD91;00;B;00;00;000;3.000;000;0.000;000;00;00;00;00;00;00;;;;;;;;;;E;;;;;;
030;DD94;00;B;00;00;014;2.000;030;0.000;000;00;00;00;00;00;00;;;;;;;;;;E;;within 30 days Due net;;;;
030;DD95;00;B;00;00;014;3.000;075;0.000;000;00;00;00;00;00;00;;;;;;;;;;E;;within 75 days Due net;;;;
030;DD97;00;B;00;00;021;0.000;000;0.000;000;00;00;00;00;00;00;;;;;;;;;;E;;;;;;
030;DD98;00;B;00;00;035;0.000;000;0.000;000;00;00;00;00;00;00;;;;;;;;;;E;;;;;;
030;DD9E;00;B;00;00;014;3.500;060;0.000;000;00;00;00;00;00;00;;;;;;;;;;E;;within 60 days Due net;;;;
030;DDA2;15;B;31;00;000;3.000;060;0.000;000;00;00;00;00;00;00;;;;;;;;;;E;;  On immediate payment 3 % cash discount;  within 60 days Due net;  Baseline date on End of the month;;
030;DDA2;31;B;15;01;000;3.000;060;0.000;000;00;00;00;00;00;00;;;;;;;;;;E;;  On immediate payment 3 % cash discount;  within 60 days Due net;  Baseline date on 15 of next month;;
030;DDA5;15;B;15;01;000;3.000;000;0.000;000;00;00;00;00;00;00;;;;;;;;;;E;;  Payable immediately 3 % cash discount;  Baseline date on 15 of next month;;;
030;DDA5;31;B;31;01;000;3.000;000;0.000;000;00;00;00;00;00;00;;;;;;;;;;E;;  Payable immediately 3 % cash discount;  Baseline date on End of next month;;;
030;DDAD;10;B;00;00;000;0.000;000;0.000;000;10;01;00;00;00;00;;;;;;;;;;E;;  Before 10 of the next month  Due net;;;;
030;DDAD;31;B;00;00;000;0.000;000;0.000;000;10;02;00;00;00;00;;;;;;;;;;E;;  Before 10 in 2 months Due net;;;;
030;DDAE;00;B;00;00;007;4.000;000;0.000;000;00;00;00;00;00;00;;;;;;;;;;E;;;;;;
030;DDAH;00;B;00;00;007;4.000;014;3.000;030;00;00;00;00;00;00;;;;;;;;;;E;;within 14 days 3 % cash discount;within 30 days Due net;;;
030;DDAX;00;B;00;00;030;3.000;031;0.000;000;00;00;00;00;00;00;;;;;;;;;;E;;within 31 days Due net;;;;
030;DDB1;31;B;15;01;000;3.000;060;0.000;000;00;00;00;00;00;00;;;;;;;;;;E;;  On immediate payment 3 % cash discount;  within 60 days Due net;  Baseline date on 15 of next month;;
030;DDB3;31;B;25;01;000;3.000;060;0.000;000;00;00;00;00;00;00;;;;;;;;;;E;;  On immediate payment 3 % cash discount;  within 60 days Due net;  Baseline date on 25 of next month;;
030;DDB4;31;B;10;01;030;0.000;000;0.000;000;00;00;00;00;00;00;;;;;;;;;;E;;  within 30 days Due net;  Baseline date on 10 of next month;;;
030;DDB6;31;B;00;00;000;0.000;000;0.000;000;05;03;00;00;00;00;;;;;;;;;;E;;  Before 5 in 3 months Due net;;;;
030;DDBD;31;B;25;01;000;0.000;000;0.000;000;00;00;00;00;00;00;;;;;;;;;;E;;  Payable immediately Due net;  Baseline date on 25 of next month;;;
030;DDBF;00;B;00;00;021;3.000;060;0.000;000;00;00;00;00;00;00;;;;;;;;;;E;;within 60 days Due net;;;;
030;DDBH;00;B;00;00;008;2.000;000;0.000;000;00;00;00;00;00;00;;;;;;;;;;E;;;;;;
030;DDBK;00;B;00;00;007;3.000;014;2.000;030;00;00;00;00;00;00;;;;;;;;;;E;;within 14 days 2 % cash discount;within 30 days Due net;;;
030;DDBM;15;D;00;00;000;0.000;000;0.000;000;25;00;00;00;00;00;;;;;;;;;;E;;  Before 25 of the month Due net;;;;
030;DDBM;31;D;00;00;000;0.000;000;0.000;000;25;01;00;00;00;00;;;;;;;;;;E;;  Before 25 of the next month  Due net;;;;
030;DDBP;00;B;00;00;000;0.000;000;0.000;000;15;01;00;00;00;00;;;;;;;;;;E;;;;;;
030;DDBS;00;B;00;00;030;3.000;060;2.000;090;00;00;00;00;00;00;;;;;;;;;;E;;within 60 days 2 % cash discount;within 90 days Due net;;;
030;DDBX;00;B;00;00;030;3.000;000;0.000;000;00;00;00;00;00;00;;;;;;;;;;E;;;;;;
030;DDC1;00;B;00;00;020;3.000;030;2.000;060;00;00;00;00;00;00;;;;;;;;;;E;38 days 4%, 60 net;within 30 days 2 % cash discount;within 60 days Due net;;;
030;DDC2;00;B;00;00;045;3.000;090;0.000;000;00;00;00;00;00;00;;;;;;;;;;E;;within 90 days Due net;;;;
030;DDC4;00;B;00;00;010;4.000;060;0.000;000;00;00;00;00;00;00;;;;;;;;;;E;;within 60 days Due net;;;;
030;DDD2;00;B;00;00;010;3.000;030;0.000;000;00;00;00;00;00;00;;;;;;;;;;E;;within 30 days Due net;;;;
030;DDD3;00;B;00;00;010;2.000;030;0.000;000;00;00;00;00;00;00;;;;;;;;;;E;10 days 2 %, 30 days net;within 30 days Due net;;;;
030;DDD4;00;;00;00;020;1.000;030;0.000;000;00;00;00;00;00;00;;;;;;;;;;E;;within 30 days Due net;;;;
030;DDD5;00;B;00;00;045;3.000;060;0.000;000;00;00;00;00;00;00;;;;;;;;;;E;;within 60 days Due net;;;;
030;DDD6;00;B;00;00;010;2.000;000;0.000;000;00;00;15;01;00;00;;;;;;;;;;E;;Before 15 of the next month  Due net;;;;
030;DDDA;00;B;00;00;000;4.000;000;0.000;000;00;00;00;00;00;00;;;;;;;;;;E;advanced payment 4% Skonto;;;;;
030;DDDD;00;B;00;00;040;3.000;090;0.000;000;00;00;00;00;00;00;;;;;;;;;;E;;within 90 days Due net;;;;
030;DDDE;31;B;31;00;045;0.000;000;0.000;000;00;00;00;00;00;00;;;;;;;;;;E;45 days end of month;  within 45 days Due net;  Baseline date on End of the month;;;
030;DDDF;31;B;31;00;060;0.000;000;0.000;000;00;00;00;00;00;00;;;;;;;;;;E;;  within 60 days Due net;  Baseline date on End of the month;;;
030;DDDG;31;B;31;00;075;0.000;000;0.000;000;00;00;00;00;00;00;;;;;;;;;;E;Within 75 days Due net;  within 75 days Due net;  Baseline date on End of the month;;;
030;DDDJ;00;B;00;00;010;5.000;000;0.000;000;00;00;00;00;00;00;;;;;;;;;;E;;;;;;
030;DDDL;31;B;10;02;000;3.000;000;0.000;000;00;00;00;00;00;00;;;;;;;;;;E;;  Payable immediately 3 % cash discount;  Baseline date on 10 in 2 months;;;
030;DDDM;31;B;31;00;093;0.000;000;0.000;000;00;00;00;00;00;00;;;;;;;;;;E;93 days to month end;  within 93 days Due net;  Baseline date on End of the month;;;
030;DDDN;00;B;31;01;000;0.000;000;0.000;000;01;01;00;00;00;00;;;;;;;;;;E;;Baseline date on End of next month;;;;
030;DDDO;00;B;31;01;000;0.000;000;0.000;000;27;01;00;00;00;00;;;;;;;;;;E;;Baseline date on End of next month;;;;
030;DDE0;00;B;00;00;008;3.000;030;0.000;000;00;00;00;00;00;00;;;;;;;;;;E;;within 30 days Due net;;;;
030;DDE1;00;B;00;00;020;3.000;060;0.000;000;00;00;00;00;00;00;;;;;;;;;;E;;within 60 days Due net;;;;
030;DDE3;00;B;00;00;020;2.000;090;0.000;000;00;00;00;00;00;00;;;;;;;;;;E;;within 90 days Due net;;;;
030;DDE5;00;B;00;00;008;3.000;030;0.000;000;00;00;00;00;00;00;;;;;;;;;;E;;within 30 days Due net;;;;
030;DDE8;00;B;00;00;020;3.000;030;0.000;000;00;00;00;00;00;00;;;;;;;;;;E;;within 30 days Due net;;;;
030;DDE9;00;B;00;00;014;3.000;020;2.000;030;00;00;00;00;00;00;;;;;;;;;;E;;within 20 days 2 % cash discount;within 30 days Due net;;;
030;DDEA;00;B;00;00;014;3.000;045;0.000;000;00;00;00;00;00;00;;;;;;;;;;E;45 Days Net/14 Days - 3%;within 45 days Due net;;;;
030;DDEG;00;B;00;00;014;5.000;030;0.000;000;00;00;00;00;00;00;;;;;;;;;;E;;within 30 days Due net;;;;
030;DDEK;00;B;00;00;014;2.000;045;0.000;000;00;00;00;00;00;00;;;;;;;;;;E;;within 45 days Due net;;;;
030;DDER;00;B;00;00;014;2.000;000;0.000;000;00;00;00;00;00;00;;;;;;;;;;E;;;;;;
030;DDEV;00;B;00;00;010;1.000;030;0.000;000;00;00;00;00;00;00;;;;;;;;;;E;30days due net, <10 day:1%reb;within 30 days Due net;;;;
030;DDF1;00;B;00;00;030;3.000;045;0.000;000;00;00;00;00;00;00;;;;;;;;;;E;30days 3%cash disc.45days net;within 45 days Due net;;;;
030;DDF2;00;B;00;00;008;2.000;030;0.000;000;00;00;00;00;00;00;;;;;;;;;;E;;within 30 days Due net;;;;
030;DDF3;31;B;31;00;030;0.000;000;0.000;000;00;00;00;00;00;00;;;;;;;;;;E;;  within 30 days Due net;  Baseline date on End of the month;;;
030;DDF5;31;B;28;01;000;3.000;000;0.000;000;00;00;00;00;00;00;;;;;;;;;;E;;  Payable immediately 3 % cash discount;  Baseline date on 28 of next month;;;
030;DDF6;00;B;00;00;008;3.000;014;2.000;030;00;00;00;00;00;00;;;;;;;;;;E;;within 14 days 2 % cash discount;within 30 days Due net;;;
030;DDF8;00;B;00;00;014;3.000;030;2.000;060;00;00;00;00;00;00;;;;;;;;;;E;;within 30 days 2 % cash discount;within 60 days Due net;;;
030;DDFB;31;B;05;02;000;3.000;030;0.000;000;00;00;00;00;00;00;;;;;;;;;;E;;  On immediate payment 3 % cash discount;  within 30 days Due net;  Baseline date on 5 in 2 months;;
030;DDFG;00;B;00;00;090;3.000;000;0.000;000;00;00;00;00;00;00;;;;;;;;;;E;;;;;;
030;DDFS;00;B;00;00;090;3.000;120;0.000;000;00;00;00;00;00;00;;;;;;;;;;E;;within 120 days Due net;;;;
030;DDFT;00;B;00;00;010;3.000;060;0.000;000;00;00;00;00;00;00;;;;;;;;;;E;;within 60 days Due net;;;;
030;DDFU;31;B;10;03;000;0.000;000;0.000;000;00;00;00;00;00;00;;;;;;;;;;E;;  Payable immediately Due net;  Baseline date on 10 in 3 months;;;
030;DDFZ;31;B;15;04;000;0.000;000;0.000;000;00;00;00;00;00;00;;;;;;;;;;E;;  Payable immediately Due net;  Baseline date on 15 in 4 months;;;
030;DDG2;00;B;00;00;010;3.000;030;2.000;060;00;00;00;00;00;00;;;;;;;;;;E;;within 30 days 2 % cash discount;within 60 days Due net;;;
030;DDG4;00;B;00;00;030;3.000;031;0.000;000;00;00;00;00;00;00;;;;;;;;;;E;;within 31 days Due net;;;;
030;DDG8;00;B;00;00;030;4.500;090;0.000;000;00;00;00;00;00;00;;;;;;;;;;E;;within 90 days Due net;;;;
030;DDGK;00;B;00;00;021;2.000;030;0.000;000;00;00;00;00;00;00;;;;;;;;;;E;;within 30 days Due net;;;;
030;DDGX;15;B;05;01;000;3.000;030;0.000;000;00;00;00;00;00;00;;;;;;;;;;E;;  On immediate payment 3 % cash discount;  within 30 days Due net;  Baseline date on 5 of next month;;
030;DDGX;31;B;20;01;000;3.000;030;0.000;000;00;00;00;00;00;00;;;;;;;;;;E;;  On immediate payment 3 % cash discount;  within 30 days Due net;  Baseline date on 20 of next month;;
030;DDH0;00;B;00;00;040;4.000;060;0.000;000;00;00;00;00;00;00;;;;;;;;;;E;;within 60 days Due net;;;;
030;DDH1;00;B;00;00;014;3.000;000;0.000;000;00;00;00;00;00;00;;;;;;;;;;E;;;;;;
030;DDH3;31;B;15;01;000;3.000;000;0.000;000;00;00;00;00;00;00;;;;;;;;;;E;;  Payable immediately 3 % cash discount;  Baseline date on 15 of next month;;;
030;DDH5;00;B;00;00;060;4.000;090;0.000;000;00;00;00;00;00;00;;;;;;;;;;E;;within 90 days Due net;;;;
030;DDH6;31;B;31;03;000;0.000;000;0.000;000;00;00;00;00;00;00;;;;;;;;;;E;;  Payable immediately Due net;  Baseline date on End in 3 months;;;
030;DDHA;15;B;20;01;000;3.000;000;0.000;000;00;00;00;00;00;00;;;;;;;;;;E;;  Payable immediately 3 % cash discount;  Baseline date on 20 of next month;;;
030;DDHA;31;B;05;02;000;3.000;000;0.000;000;00;00;00;00;00;00;;;;;;;;;;E;;  Payable immediately 3 % cash discount;  Baseline date on 5 in 2 months;;;
030;DDHC;15;B;30;00;000;3.000;042;0.000;000;00;00;00;00;00;00;;;;;;;;;;E;;  On immediate payment 3 % cash discount;  within 42 days Due net;  Baseline date on 30 of the month;;
030;DDHC;31;B;15;01;000;3.000;042;0.000;000;00;00;00;00;00;00;;;;;;;;;;E;;  On immediate payment 3 % cash discount;  within 42 days Due net;  Baseline date on 15 of next month;;
030;DDHG;31;B;30;01;000;0.000;000;0.000;000;00;00;00;00;00;00;;;;;;;;;;E;;  Payable immediately Due net;  Baseline date on 30 of next month;;;
030;DDHI;31;B;25;01;000;3.000;060;0.000;000;00;00;00;00;00;00;;;;;;;;;;E;;  On immediate payment 3 % cash discount;  within 60 days Due net;  Baseline date on 25 of next month;;
030;DDHU;00;B;00;03;000;0.000;000;0.000;000;31;00;00;00;00;00;;;;;;;;;;E;;Baseline date postponed by 3 months;;;;
030;DDI1;00;B;00;00;030;4.000;060;0.000;000;00;00;00;00;00;00;;;;;;;;;;E;;within 60 days Due net;;;;
030;DDI2;00;B;00;00;030;4.000;045;0.000;000;00;00;00;00;00;00;;;;;;;;;;E;;within 45 days Due net;;;;
030;DDI7;00;B;00;00;040;5.000;041;0.000;000;00;00;00;00;00;00;;;;;;;;;;E;;within 41 days Due net;;;;
030;DDIE;00;B;00;00;000;5.000;000;0.000;000;00;00;00;00;00;00;;;;;;;;;;E;;;;;;
030;DDIF;00;B;00;00;014;4.500;000;0.000;000;00;00;00;00;00;00;;;;;;;;;;E;;;;;;
030;DDIN;31;B;20;01;000;4.000;000;0.000;000;00;00;00;00;00;00;;;;;;;;;;E;;  Payable immediately 4 % cash discount;  Baseline date on 20 of next month;;;
030;DDJG;00;B;00;00;010;4.000;000;0.000;000;00;00;00;00;00;00;;;;;;;;;;E;;;;;;
030;DDK2;00;B;00;00;000;4.000;000;0.000;000;00;00;00;00;00;00;;;;;;;;;;E;;;;;;
030;DDKQ;31;B;03;01;000;3.000;000;0.000;000;00;00;00;00;00;00;;;;;;;;;;E;;  Payable immediately 3 % cash discount;  Baseline date on 3 of next month;;;
030;DDKW;00;B;00;00;060;3.000;120;0.000;000;00;00;00;00;00;00;;;;;;;;;;E;;within 120 days Due net;;;;
030;DDKZ;00;B;00;00;060;3.000;090;0.000;000;00;00;00;00;00;00;;;;;;;;;;E;;within 90 days Due net;;;;
030;DDL2;00;B;00;00;014;3.000;030;2.000;045;00;00;00;00;00;00;;;;;;;;;;E;;within 30 days 2 % cash discount;within 45 days Due net;;;
030;DDL3;00;B;00;00;010;4.000;030;0.000;000;00;00;00;00;00;00;;;;;;;;;;E;;within 30 days Due net;;;;
030;DDL4;00;B;00;00;010;4.000;030;3.000;045;00;00;00;00;00;00;;;;;;;;;;E;;within 30 days 3 % cash discount;within 45 days Due net;;;
030;DDL7;31;B;25;01;000;2.000;000;0.000;000;00;00;00;00;00;00;;;;;;;;;;E;;  Payable immediately 2 % cash discount;  Baseline date on 25 of next month;;;
030;DDLH;31;B;05;01;060;2.000;000;0.000;000;00;00;00;00;00;00;;;;;;;;;;E;;  within 60 days 2 % cash discount;  Baseline date on 5 of next month;;;
030;DDLI;00;B;00;00;030;4.000;031;0.000;000;00;00;00;00;00;00;;;;;;;;;;E;;within 31 days Due net;;;;
030;DDLK;00;B;00;00;008;3.000;060;0.000;000;00;00;00;00;00;00;;;;;;;;;;E;;within 60 days Due net;;;;
030;DDM2;00;B;00;00;014;4.000;030;0.000;000;00;00;00;00;00;00;;;;;;;;;;E;;within 30 days Due net;;;;
030;DDM5;00;B;00;00;021;3.000;045;0.000;000;00;00;00;00;00;00;;;;;;;;;;E;;within 45 days Due net;;;;
030;DDM6;00;B;00;00;021;3.000;000;0.000;000;00;00;00;00;00;00;;;;;;;;;;E;21 days 3 %;;;;;
030;DDMF;00;B;00;00;080;0.000;000;0.000;000;00;00;00;00;00;00;;;;;;;;;;E;Within 80 days Due net;;;;;
030;DDMG;00;B;00;00;082;0.000;000;0.000;000;00;00;00;00;00;00;;;;;;;;;;E;;;;;;
030;DDMH;00;B;00;00;010;3.000;014;2.000;060;00;00;00;00;00;00;;;;;;;;;;E;;within 14 days 2 % cash discount;within 60 days Due net;;;
030;DDN0;00;B;00;00;010;0.000;000;0.000;000;00;00;00;00;00;00;;;;;;;;;;E;Within 10 days Due net;;;;;
030;DDN1;31;B;31;02;000;0.000;000;0.000;000;00;00;00;00;00;00;;;;;;;;;;E;;  Payable immediately Due net;  Baseline date on End in 2 months;;;
030;DDN3;00;B;00;00;075;0.000;000;0.000;000;00;00;00;00;00;00;;;;;;;;;;E;75 Days, Bank Transfer;;;;;
030;DDN5;00;B;00;00;008;0.000;000;0.000;000;00;00;00;00;00;00;;;;;;;;;;E;8 Days, Bank Transfer;;;;;
030;DDND;00;B;00;00;045;3.000;046;0.000;000;00;00;00;00;00;00;;;;;;;;;;E;;within 46 days Due net;;;;
030;DDNZ;00;B;00;00;045;2.000;090;0.000;000;00;00;00;00;00;00;;;;;;;;;;E;;within 90 days Due net;;;;
030;DDO0;15;B;00;00;000;0.000;000;0.000;000;15;00;00;00;00;00;;;;;;;;;;E;due 5th day 3mth;  Before 15 of the month Due net;;;;
030;DDO0;31;B;00;00;000;0.000;000;0.000;000;01;01;00;00;00;00;;;;;;;;;;E;due 5th day 3mth;  Before 1 of the next month  Due net;;;;
030;DDO1;00;B;00;00;000;0.000;000;0.000;000;01;01;00;00;00;00;;;;;;;;;X;E;due 1st day 1mth;;;;;
030;DDO2;00;B;00;00;000;0.000;000;0.000;000;15;01;00;00;00;00;;;;;;;;;;E;due 15th day 1mth;;;;;
030;DDO4;00;B;00;00;000;0.000;000;0.000;000;15;02;00;00;00;00;;;;;;;;;;E;due 15th day 2mth;;;;;
030;DDO8;00;B;00;00;000;0.000;000;0.000;000;15;04;00;00;00;00;;;;;;;;;;E;due 15th day 4mth;;;;;
030;DDOA;31;B;00;00;000;3.000;000;0.000;000;15;01;00;00;00;00;;;;;;;;;;E;within 21 d 3% on 1st or 15th;  Before 15 of the next month  3 % cash discount;;;;
030;DDOA;10;B;00;00;000;3.000;000;0.000;000;15;00;00;00;00;00;;;;;;;;;;E;within 21 d 3% on 1st or 15th;  Before 15 of the month 3 % cash discount;;;;
030;DDOA;24;B;00;00;000;3.000;000;0.000;000;01;01;00;00;00;00;;;;;;;;;;E;within 21 d 3% on 1st or 15th;  Before 1 of the next month  3 % cash discount;;;;
030;DDOC;17;B;00;00;000;3.000;000;0.000;000;15;01;00;00;00;00;;;;;;;;;;E;;  Before 15 of the next month  3 % cash discount;;;;
030;DDOC;31;B;00;00;000;3.000;000;0.000;000;01;02;00;00;00;00;;;;;;;;;;E;;  Before 1 in 2 months 3 % cash discount;;;;
030;DDP2;00;B;00;00;030;3.000;060;0.000;000;00;00;00;00;00;00;;;;;;;;;;E;;within 60 days Due net;;;;
030;DDP6;00;B;00;00;021;3.000;030;0.000;000;00;00;00;00;00;00;;;;;;;;;;E;;within 30 days Due net;;;;
030;DDP7;00;B;31;00;090;0.000;000;0.000;000;00;00;00;00;00;00;;;;;;;;;;E;;Baseline date on End of the month;;;;
030;DDP8;00;B;31;00;065;0.000;000;0.000;000;00;00;00;00;00;00;;;;;;;;;;E;;Baseline date on End of the month;;;;
030;DDP9;00;B;00;00;010;5.000;030;0.000;000;00;00;00;00;00;00;;;;;;;;;;E;;within 30 days Due net;;;;
030;DDPE;00;B;00;00;060;0.000;000;0.000;000;00;00;00;00;00;00;;;;;;;;;;E;;;;;;
030;DDPF;00;B;00;00;090;0.000;000;0.000;000;00;00;00;00;00;00;;;;;;;;;;E;Within 90 days Due net;;;;;
030;DDPG;31;B;00;00;000;0.000;000;0.000;000;05;04;00;00;00;00;;;;;;;D;;;E;;  Before 5 in 4 months Due net;;;;
030;DDPR;31;B;00;00;000;0.000;000;0.000;000;10;02;00;00;00;00;;;;;;;;;;E;;  Before 10 in 2 months Due net;;;;
030;DDR1;00;B;20;02;000;0.000;000;0.000;000;00;00;00;00;00;00;;;;;;;;;;E;;Baseline date on 20 in 2 months;;;;
030;DDR5;00;B;00;00;060;3.000;061;0.000;000;00;00;00;00;00;00;;;;;;;;;;E;;within 61 days Due net;;;;
030;DDR7;00;B;00;00;008;0.000;000;0.000;000;00;00;00;00;00;00;;;;;;;;;;E;8 Days, Bank Transfer;;;;;
030;DDRM;00;B;00;00;008;5.000;000;0.000;000;00;00;00;00;00;00;;;;;;;;;;E;;;;;;
030;DDRT;00;B;31;00;000;0.000;000;0.000;000;05;06;00;00;00;00;;;;;;;;;;E;;Baseline date on End of the month;;;;
030;DDRV;00;B;00;00;014;4.000;000;0.000;000;00;00;00;00;00;00;;;;;;;;;;E;;;;;;
030;DDRW;00;B;00;00;014;4.000;015;0.000;000;00;00;00;00;00;00;;;;;;;D;;;E;;within 15 days Due net;;;;
030;DDRY;31;B;00;00;000;0.000;000;0.000;000;05;04;00;00;00;00;;;;;;;;;;E;;  Before 5 in 4 months Due net;;;;
030;DDS2;00;B;00;00;001;2.000;000;0.000;000;00;00;00;00;00;00;;;;;;;;;;E;;;;;;
030;DDS7;00;B;00;00;010;3.000;000;0.000;000;00;00;00;00;00;00;;;;;;;;;;E;;;;;;
030;DDSY;00;B;00;00;105;0.000;000;0.000;000;00;00;00;00;00;00;;;;;;;;;;E;105 Days Net;;;;;
030;DDT7;00;B;31;00;120;0.000;000;0.000;000;00;00;00;00;00;00;;;;;;;;;;E;;Baseline date on End of the month;;;;
030;DDTH;00;B;00;00;007;3.000;000;0.000;000;00;00;00;00;00;00;;;;;;;;;;E;;;;;;
030;DDTN;00;B;00;00;008;4.000;009;0.000;000;00;00;00;00;00;00;;;;;;;;;;E;;within 9 days Due net;;;;
030;DDTQ;00;B;30;01;015;2.000;000;0.000;000;00;00;00;00;00;00;;;;;;;;;;E;;Baseline date on 30 of next month;;;;
030;DDU5;00;B;00;00;014;3.000;000;0.000;000;00;00;00;00;00;00;;;;;;;;;;E;;;;;;
030;DDUN;00;B;00;00;014;4.000;030;3.000;060;00;00;00;00;00;00;;;;;;;;;;E;;within 30 days 3 % cash discount;within 60 days Due net;;;
030;DDV2;00;B;00;00;014;3.000;021;2.000;030;00;00;00;00;00;00;;;;;;;;;;E;;within 21 days 2 % cash discount;within 30 days Due net;;;
030;DDV8;00;B;00;00;016;4.000;030;0.000;000;00;00;00;00;00;00;;;;;;;;;;E;;within 30 days Due net;;;;
030;DDV9;00;B;00;00;020;4.000;030;0.000;000;00;00;00;00;00;00;;;;;;;;;;E;;within 30 days Due net;;;;
030;DDXI;00;B;00;00;014;5.000;000;0.000;000;00;00;00;00;00;00;;;;;;;;;;E;;;;;;
030;DDXO;00;B;00;00;015;2.000;030;0.000;000;00;00;00;00;00;00;;;;;;;D;;;E;;within 30 days Due net;;;;
030;DDXW;00;B;00;00;028;2.000;045;0.000;000;00;00;00;00;00;00;;;;;;;D;;;E;;within 45 days Due net;;;;
030;DDY2;00;B;00;00;000;3.000;000;0.000;000;15;01;30;01;00;00;;;;;;;D;;;E;;Before 30 of the next month  Due net;;;;
030;DDYH;00;B;00;00;000;3.000;060;0.000;000;25;01;00;00;00;00;;;;;;;D;;;E;;within 60 days Due net;;;;
030;DDYJ;00;B;00;00;030;2.000;045;0.000;000;00;00;00;00;00;00;;;;;;;;;;E;;within 45 days Due net;;;;
030;DDYP;00;B;00;00;000;3.000;090;0.000;000;25;01;00;00;00;00;;;;;;;;;;E;;within 90 days Due net;;;;
030;DDYY;00;B;00;03;014;3.000;030;0.000;000;00;00;00;00;00;00;;;;;;;D;;;E;;within 30 days Due net;Baseline date postponed by 3 months;;;
030;DDYZ;00;B;00;00;100;0.000;000;0.000;000;00;00;00;00;00;00;;;;;;;;;;E;100 Days Net;;;;;
030;DDZ1;00;B;00;00;021;3.000;030;0.000;000;00;00;00;00;00;00;;;;;;;;;;E;;within 30 days Due net;;;;
030;DDZ2;00;B;00;00;014;3.000;030;0.000;000;00;00;00;00;00;00;;;;;;;;;;E;;within 30 days Due net;;;;
030;DDZA;00;B;00;00;050;0.000;000;0.000;000;00;00;00;00;00;00;;;;;;;;;;E;;;;;;
030;DDZB;00;B;00;00;014;4.000;030;0.000;000;00;00;00;00;00;00;;;;;;;;;;E;Within 14D. 4%, 30D.due net;within 30 days Due net;;;;
030;DDZE;00;B;00;00;090;3.000;100;0.000;000;00;00;00;00;00;00;;;;;;;;;;E;Within 90D.3%.100D. Net;within 100 days Due net;;;;
030;DDZM;00;B;00;00;082;3.000;085;0.000;000;00;00;00;00;00;00;;;;;;;;;;E;67D+15D Regl.3%/85D Net;within 85 days Due net;;;;
030;DDZN;00;B;00;00;014;2.000;000;0.000;000;00;00;21;01;00;00;;;;;;;;;;E;;Before 21 of the next month  Due net;;;;
030;DDZY;00;B;00;00;150;0.000;000;0.000;000;00;00;00;00;00;00;;;;;;;;;;E;Within 150 days due net;;;;;
030;DJA6;00;B;00;00;010;0.000;000;0.000;000;00;00;00;00;00;00;;;;;;;D;;;E;;;;;;
030;DK00;00;B;31;00;030;0.000;000;0.000;000;00;00;00;00;00;00;;;;;;;;;;E;End of Month + 30 Day;Baseline date on End of the month;;;;
030;DK01;00;B;10;01;000;0.000;000;0.000;000;00;00;00;00;00;00;;;;;;;;;;E;End of Month + 10 Days;Baseline date on 10 of next month;;;;
030;DK02;00;B;15;01;000;0.000;000;0.000;000;00;00;00;00;00;00;;;;;;;;;;E;End of Month + 15 Days;Baseline date on 15 of next month;;;;
030;DK03;00;B;20;01;000;0.000;000;0.000;000;00;00;00;00;00;00;;;;;;;;;;E;End of Month + 20 Days;Baseline date on 20 of next month;;;;
030;DK04;00;B;31;00;060;0.000;000;0.000;000;00;00;00;00;00;00;;;;;;;;;;E;End of Month + 60 Days;Baseline date on End of the month;;;;
030;DK05;00;B;25;01;000;0.000;000;0.000;000;00;00;00;00;00;00;;;;;;;;;;E;End of Month + 25 Days;Baseline date on 25 of next month;;;;
030;DK07;00;B;31;00;090;0.000;000;0.000;000;00;00;00;00;00;00;;;;;;;;;;E;End of Month + 90 Days;Baseline date on End of the month;;;;
030;DK08;00;B;31;00;050;0.000;000;0.000;000;00;00;00;00;00;00;;;;;;;;;;E;End of Month + 50 Days;Baseline date on End of the month;;;;
030;DK10;00;B;00;00;000;0.000;000;0.000;000;00;00;00;00;00;00;;;;;;;;;;E;Net Cash;;;;;
030;DK11;00;B;00;00;014;2.000;000;0.000;000;00;00;20;01;00;00;;;;;;;;;;E;EOM + 20 Days/14 Days - 2%;Before 20 of the next month  Due net;;;;
030;DK12;00;B;31;00;040;0.000;000;0.000;000;00;00;00;00;00;00;;;;;;;;;;E;End of Month + 40 Days;Baseline date on End of the month;;;;
030;DK13;00;B;00;00;008;2.000;000;0.000;000;00;00;01;03;00;00;;;;;;;;;;E;EOM + 60 Days/8 Days - 2%;Before 1 in 3 months Due net;;;;
030;DK18;00;B;00;00;030;0.000;000;0.000;000;00;00;00;00;00;00;;;;;;;;;;E;30 Days Net;;;;;
030;DK19;00;B;00;00;008;0.000;000;0.000;000;00;00;00;00;00;00;;;;;;;;;;E;08 Days Net;;;;;
030;DK20;00;B;00;00;014;0.000;000;0.000;000;00;00;00;00;00;00;;;;;;;;;;E;14 Days Net;;;;;
030;DK21;00;B;00;00;020;0.000;000;0.000;000;00;00;00;00;00;00;;;;;;;;;;E;20 Days Net;;;;;
030;DK22;00;B;00;00;060;0.000;000;0.000;000;00;00;00;00;00;00;;;;;;;;;;E;60 Days Net;;;;;
030;DK23;00;B;00;00;090;0.000;000;0.000;000;00;00;00;00;00;00;;;;;;;;;;E;90 Days Net;;;;;
030;DK24;00;B;00;00;045;0.000;000;0.000;000;00;00;00;00;00;00;;;;;;;;;;E;45 Days Net;;;;;
030;DK27;00;B;00;00;000;0.000;000;0.000;000;00;00;00;00;00;00;;;;;;;;;;E;Down Payment;;;;;
030;DK30;00;B;28;01;000;0.000;000;0.000;000;00;00;00;00;00;00;;;;;;;;;;E;EOM + 28 Days;Baseline date on 28 of next month;;;;
030;DK31;00;B;31;00;035;0.000;000;0.000;000;00;00;00;00;00;00;;;;;;;;;;E;EOM + 35 Days;Baseline date on End of the month;;;;
030;DK32;00;B;00;00;014;2.000;000;0.000;000;00;00;15;03;00;00;;;;;;;;;;E;EOM + 75 Days / 14 Days - 2%;Before 15 in 3 months Due net;;;;
030;DK33;00;B;00;00;008;2.000;000;0.000;000;00;00;20;01;00;00;;;;;;;;;;E;EOM + 20 Days/8 Days -2%;Before 20 of the next month  Due net;;;;
030;DK34;00;B;00;00;008;3.000;000;0.000;000;00;00;20;01;00;00;;;;;;;;;;E;EOM + 20 Days/8 Days -3%;Before 20 of the next month  Due net;;;;
030;DK35;00;B;00;00;008;1.500;000;0.000;000;00;00;20;01;00;00;;;;;;;;;;E;EOM + 20 Days/8 Days -1,5%;Before 20 of the next month  Due net;;;;
030;DK41;00;B;00;00;014;0.000;000;0.000;000;00;00;00;00;00;00;;;;;;;;;;E;Credit Card online;;;;;
030;DK42;00;B;31;00;014;1.000;060;0.000;000;00;00;00;00;00;00;;;;;;;;;;E;EOM + 60 days / 14 days - 1%;within 60 days Due net;Baseline date on End of the month;;;
030;DK47;00;B;00;00;014;1.000;000;0.000;000;00;00;31;01;00;00;;;;;;;;;;E;EOM + 30 Days/14 Days -1%;Before End of the next month  Due net;;;;
030;DK48;00;B;31;00;045;0.000;000;0.000;000;00;00;00;00;00;00;;;;;;;;;;E;EOM + 45 Days;Baseline date on End of the month;;;;
030;DK49;00;B;00;00;008;2.000;000;0.000;000;00;00;01;02;00;00;;;;;;;;;;E;EOM + 30 Days/08 Days -2%;Before 1 in 2 months Due net;;;;
030;DK56;00;B;00;00;008;2.000;000;0.000;000;00;00;00;00;00;00;;;;;;;;;;E;08 Days Net -2%;;;;;
030;DK57;00;B;00;00;014;2.000;000;0.000;000;00;00;00;00;00;00;;;;;;;;;;E;14 Days Net -2%;;;;;
030;DK62;00;B;00;00;020;2.000;000;0.000;000;00;00;00;00;00;00;;;;;;;;;;E;20 Days Net -2%;;;;;
030;DK64;00;B;00;00;000;0.000;000;0.000;000;00;00;00;00;00;00;;;;;;;;;;E;Cash on Delivery;;;;;
030;DK68;00;B;00;00;015;3.000;000;0.000;000;00;00;00;00;00;00;;;;;;;;;;E;15 Days Net -3%;;;;;
030;DK70;00;B;00;00;008;2.000;030;0.000;000;00;00;00;00;00;00;;;;;;;;;;E;30 days net/8 days -2%.;within 30 days Due net;;;;
030;DK75;00;B;00;00;010;2.000;030;0.000;000;00;00;00;00;00;00;;;;;;;;;;E;30 Days Net/10 Days -2%;within 30 days Due net;;;;
030;DK77;00;B;00;00;050;0.000;000;0.000;000;00;00;00;00;00;00;;;;;;;;;;E;50 Days Net;;;;;
030;DK80;00;B;00;00;008;2.000;000;0.000;000;00;00;15;02;00;00;;;;;;;;;;E;EoM + 45 Days/08 Days -2%;Before 15 in 2 months Due net;;;;
030;DK81;00;B;00;00;014;3.000;000;0.000;000;00;00;31;01;00;00;;;;;;;;;;E;EOM + 30 Days/14 Days -3%;Before End of the next month  Due net;;;;
030;DK82;00;B;31;00;062;0.000;000;0.000;000;00;00;00;00;00;00;;;;;;;;;;E;End of month + 62 days;Baseline date on End of the month;;;;
030;DK83;00;B;00;00;014;1.000;000;0.000;000;00;00;20;01;00;00;;;;;;;;;;E;EOM + 20 Days/14 Days -1%;Before 20 of the next month  Due net;;;;
030;DK88;00;B;00;00;010;2.000;000;0.000;000;00;00;20;01;00;00;;;;;;;;;;E;EoM + 20 Days/10 Days - 2%;Before 20 of the next month  Due net;;;;
030;DK91;00;B;00;00;063;4.750;000;0.000;000;00;00;00;00;00;00;;;;;;;;;;E;63 days – 4,75%;;;;;
030;DK99;00;B;31;00;093;0.000;000;0.000;000;00;00;00;00;00;00;;;;;;;;;;E;EOM + 93 days;Baseline date on End of the month;;;;
030;DKA2;00;B;00;00;075;0.000;000;0.000;000;00;00;00;00;00;00;;;;;;;;;;E;75 Days Net;;;;;
030;DKA5;00;B;31;00;100;0.000;000;0.000;000;00;00;00;00;00;00;;;;;;;;;;E;End of month + 100 days;Baseline date on End of the month;;;;
030;DKAF;00;B;00;00;014;2.000;000;0.000;000;00;00;31;02;00;00;;;;;;;;;;E;EOM + 62 Days / 14 Days - 2%;Before End in 2 months Due net;;;;
030;DKAJ;00;B;00;00;010;2.000;000;0.000;000;00;00;30;02;00;00;;;;;;;;;;E;EOM + 60 Days / 10 Days - 2%;Before 30 in 2 months Due net;;;;
030;DKAK;00;B;31;00;000;2.000;075;0.000;000;00;00;00;00;00;00;;;;;;;;;;E;EOM + 75 Days / EOM - 2%;within 75 days Due net;Baseline date on End of the month;;;
030;DKAL;00;B;00;00;008;3.000;000;0.000;000;00;00;30;02;00;00;;;;;;;;;;E;EOM + 60 Days / 8 Days – 3%;Before 30 in 2 months Due net;;;;
030;DKAO;00;B;00;00;040;0.000;000;0.000;000;00;00;00;00;00;00;;;;;;;;;;E;40 Days Net;;;;;
030;DKAS;00;B;00;00;015;1.500;000;0.000;000;00;00;00;00;00;00;;;;;;;;;;E;;;;;;
030;DKAT;00;B;21;01;000;0.000;000;0.000;000;00;00;00;00;00;00;;;;;;;;;;E;End of Month + 21 Days;Baseline date on 21 of next month;;;;
030;DKAV;00;B;00;00;180;0.000;000;0.000;000;00;00;00;00;00;00;;;;;;;;;;E;180 Days Net;;;;;
030;DKB1;00;B;00;00;008;1.000;030;0.000;000;00;00;00;00;00;00;;;;;;;;;;E;30 days net/8 days -1%;within 30 days Due net;;;;
030;DKB8;00;B;31;00;055;0.000;000;0.000;000;00;00;00;00;00;00;;;;;;;;;;E;End of Month + 55 Days;Baseline date on End of the month;;;;
030;DKBB;00;B;00;00;008;2.000;020;0.000;000;00;00;00;00;00;00;;;;;;;;;;E;20 days/8 days -2%;within 20 days Due net;;;;
030;DKBF;00;B;00;00;030;3.000;060;0.000;000;00;00;00;00;00;00;;;;;;;;;;E;60 days/30 days -3%;within 60 days Due net;;;;
030;DKBG;00;B;00;00;008;2.000;060;0.000;000;00;00;00;00;00;00;;;;;;;;;;E;60 days/8 days -2%;within 60 days Due net;;;;
030;DKBN;00;B;31;00;020;2.000;000;0.000;000;00;00;00;00;00;00;;;;;;;;;;E;EoM+20 days/Cash -2%;Baseline date on End of the month;;;;
030;DKBX;00;B;31;00;008;3.000;045;0.000;000;00;00;00;00;00;00;;;;;;;;;;E;EOM + 45 Days / 8 days - 3%;within 45 days Due net;Baseline date on End of the month;;;
030;DKC2;00;B;31;00;075;0.000;000;0.000;000;00;00;00;00;00;00;;;;;;;;;;E;EoM + 75 days;Baseline date on End of the month;;;;
030;DKC4;00;B;31;00;032;0.000;000;0.000;000;00;00;00;00;00;00;;;;;;;;;;E;Current  month + 32 Days;Baseline date on End of the month;;;;
030;DKC5;00;B;31;00;065;0.000;000;0.000;000;00;00;00;00;00;00;;;;;;;;;;E;Current month + 65 days;Baseline date on End of the month;;;;
030;DKD3;00;B;31;00;121;0.000;000;0.000;000;00;00;00;00;00;00;;;;;;;;;;E;End of Month + 121 Days;Baseline date on End of the month;;;;
030;DKD5;00;B;00;00;045;3.500;000;0.000;000;00;00;00;00;00;00;;;;;;;;;;E;45 Days Net - 3,5 %;;;;;
030;DSN0;00;B;00;00;000;0.000;000;0.000;000;21;01;00;00;00;00;;;;;;;;;;E;DSS Netting 21 days EOM;;;;;
030;DSNT;00;B;15;02;000;0.000;000;0.000;000;00;00;00;00;00;00;;;;;;;;;;E;;Baseline date on 15 in 2 months;;;;
030;F30;00;B;31;00;000;0.000;000;0.000;000;31;01;00;00;00;00;;;;;;;;;;E;End of the month following;Baseline date on End of the month;;;;
030;F60;00;B;31;00;000;0.000;000;0.000;000;31;02;00;00;00;00;;;;;;;;;;E;End of second month following;Baseline date on End of the month;;;;
030;GB01;00;B;00;00;000;0.000;000;0.000;000;10;04;00;00;00;00;;;;;;;;;;E;;;;;;
030;GB03;00;B;00;00;000;0.000;000;0.000;000;15;04;00;00;00;00;;;;;;;;;;E;;;;;;
030;GB04;00;B;00;00;000;0.000;000;0.000;000;31;04;00;00;00;00;;;;;;;;;;E;;;;;;
030;GB05;00;B;00;00;014;3.000;000;0.000;000;00;00;31;01;00;00;;;;;;;;;;E;;Before End of the next month  Due net;;;;
030;GB06;00;B;00;00;000;0.000;000;0.000;000;15;01;00;00;00;00;;;;;;;;;;E;;;;;;
030;GB08;00;B;00;00;000;0.000;000;0.000;000;21;01;00;00;00;00;;;;;;;;;;E;;;;;;
030;GB11;00;B;00;00;000;0.000;000;0.000;000;25;01;00;00;00;00;;;;;;;;;;E;;;;;;
030;GB12;00;B;00;00;000;0.000;000;0.000;000;31;01;00;00;00;00;;;;;;;;;;E;;;;;;
030;GB13;00;B;00;00;000;3.000;000;0.000;000;31;01;00;00;00;00;;;;;;;;;;E;;;;;;
030;GB14;00;B;00;00;000;0.000;000;0.000;000;05;02;00;00;00;00;;;;;;;;;;E;;;;;;
030;GB15;00;B;00;00;000;0.000;000;0.000;000;07;02;00;00;00;00;;;;;;;;;;E;;;;;;
030;GB16;00;B;00;00;000;0.000;000;0.000;000;10;02;00;00;00;00;;;;;;;;;;E;;;;;;
030;GB17;00;B;00;00;000;0.000;000;0.000;000;15;02;00;00;00;00;;;;;;;;;;E;;;;;;
030;GB18;00;B;00;00;000;0.000;000;0.000;000;20;02;00;00;00;00;;;;;;;;;;E;;;;;;
030;GB20;00;B;00;00;000;0.000;000;0.000;000;25;02;00;00;00;00;;;;;;;;;;E;;;;;;
030;GB21;00;B;00;00;000;0.000;000;0.000;000;29;02;00;00;00;00;;;;;;;;;;E;;;;;;
030;GB22;00;B;00;00;000;0.000;000;0.000;000;31;02;00;00;00;00;;;;;;;;;;E;;;;;;
030;GB23;00;B;00;00;008;2.000;000;0.000;000;00;00;31;02;00;00;;;;;;;;;;E;;Before End in 2 months Due net;;;;
030;GB24;00;B;00;00;000;0.000;000;0.000;000;02;03;00;00;00;00;;;;;;;;;;E;;;;;;
030;GB25;00;B;00;00;000;0.000;000;0.000;000;05;03;00;00;00;00;;;;;;;;;;E;;;;;;
030;GB26;00;B;00;00;000;0.000;000;0.000;000;10;03;00;00;00;00;;;;;;;;;;E;;;;;;
030;GB27;00;B;00;00;000;0.000;000;0.000;000;15;03;00;00;00;00;;;;;;;;;;E;;;;;;
030;GB29;00;B;00;00;000;0.000;000;0.000;000;20;03;00;00;00;00;;;;;;;;;;E;;;;;;
030;GB30;00;B;00;00;000;0.000;000;0.000;000;31;03;00;00;00;00;;;;;;;;;;E;;;;;;
030;GB31;00;B;00;00;000;0.000;000;0.000;000;00;00;00;00;00;00;;;;;;;;;;E;;;;;;
030;GB32;00;B;00;00;001;0.000;000;0.000;000;00;00;00;00;00;00;;;;;;;;;;E;;;;;;
030;GB33;00;B;00;00;007;0.000;000;0.000;000;00;00;00;00;00;00;;;;;;;;;;E;;;;;;
030;GB35;00;B;00;00;010;0.000;000;0.000;000;00;00;00;00;00;00;;;;;;;;;;E;;;;;;
030;GB36;00;B;00;00;010;2.500;000;0.000;000;00;00;00;00;00;00;;;;;;;;;;E;;;;;;
030;GB38;00;B;00;00;014;0.000;000;0.000;000;00;00;00;00;00;00;;;;;;;;;;E;;;;;;
030;GB39;00;B;00;00;014;3.000;030;0.000;000;00;00;00;00;00;00;;;;;;;;;;E;;within 30 days Due net;;;;
030;GB41;00;B;00;00;015;0.000;000;0.000;000;00;00;00;00;00;00;;;;;;;;;;E;;;;;;
030;GB43;00;B;00;00;020;0.000;000;0.000;000;00;00;00;00;00;00;;;;;;;;;;E;;;;;;
030;GB46;00;B;00;00;028;0.000;000;0.000;000;00;00;00;00;00;00;;;;;;;;;;E;;;;;;
030;GB47;00;B;00;00;030;0.000;000;0.000;000;00;00;00;00;00;00;;;;;;;;;;E;;;;;;
030;GB48;00;B;00;00;035;0.000;000;0.000;000;00;00;00;00;00;00;;;;;;;;;;E;;;;;;
030;GB51;00;B;00;00;045;0.000;000;0.000;000;00;00;00;00;00;00;;;;;;;;;;E;;;;;;
030;GB52;00;B;00;00;050;0.000;000;0.000;000;00;00;00;00;00;00;;;;;;;;;;E;;;;;;
030;GB53;00;B;00;00;055;0.000;000;0.000;000;00;00;00;00;00;00;;;;;;;;;;E;;;;;;
030;GB54;00;B;00;00;060;0.000;000;0.000;000;00;00;00;00;00;00;;;;;;;;;;E;;;;;;
030;GB57;00;B;00;00;065;0.000;000;0.000;000;00;00;00;00;00;00;;;;;;;;;;E;;;;;;
030;GB58;00;B;00;00;070;0.000;000;0.000;000;00;00;00;00;00;00;;;;;;;;;;E;;;;;;
030;GB60;00;B;00;00;075;0.000;000;0.000;000;00;00;00;00;00;00;;;;;;;;;;E;;;;;;
030;GB62;00;B;00;00;090;0.000;000;0.000;000;00;00;00;00;00;00;;;;;;;;;;E;;;;;;
030;GB65;00;B;00;00;000;0.000;000;0.000;000;25;03;00;00;00;00;;;;;;;;;;E;;;;;;
030;GB67;00;B;00;00;120;0.000;000;0.000;000;00;00;00;00;00;00;;;;;;;;;;E;;;;;;
030;GB69;00;B;31;00;000;0.000;000;0.000;000;10;02;00;00;00;00;;;;;;;;;;E;;Baseline date on End of the month;;;;
030;GB70;00;B;00;00;000;0.000;000;0.000;000;05;01;00;00;00;00;;;;;;;;;;E;;;;;;
030;GB73;00;B;00;00;000;0.000;000;0.000;000;04;05;00;00;00;00;;;;;;;;;;E;;;;;;
030;GB74;00;B;00;00;014;2.000;000;0.000;000;00;00;31;01;00;00;;;;;;;;;;E;;Before End of the next month  Due net;;;;
030;GB75;00;B;00;00;010;2.000;000;0.000;000;00;00;31;01;00;00;;;;;;;;;;E;;Before End of the next month  Due net;;;;
030;GB76;00;B;00;00;014;2.500;000;0.000;000;00;00;31;01;00;00;;;;;;;;;;E;;Before End of the next month  Due net;;;;
030;GB77;00;B;00;00;007;3.000;000;0.000;000;00;00;31;01;00;00;;;;;;;;;;E;;Before End of the next month  Due net;;;;
030;GB79;00;B;00;00;000;0.500;000;0.000;000;00;00;27;02;00;00;;;;;;;;;;E;;Before 27 in 2 months Due net;;;;
030;GB80;00;B;00;00;014;0.400;000;0.000;000;00;00;01;02;00;00;;;;;;;;;;E;;Before 1 in 2 months Due net;;;;
030;GB83;00;B;00;00;030;3.000;031;0.000;000;00;00;31;01;00;00;;;;;;;;;;E;;Before End of the next month  Aft. 31 Days Due n;;;;
030;GB84;00;B;31;00;014;2.000;065;0.000;000;00;00;00;00;00;00;;;;;;;;;;E;;within 65 days Due net;Baseline date on End of the month;;;
030;GB88;00;B;00;00;000;0.000;000;0.000;000;03;04;00;00;00;00;;;;;;;;;;E;;;;;;
030;GB92;00;B;00;00;030;1.000;000;0.000;000;00;00;00;00;00;00;;;;;;;;;;E;;;;;;
030;GB95;00;B;00;00;136;0.000;000;0.000;000;00;00;00;00;00;00;;;;;;;;;;E;;;;;;
030;GB99;00;B;00;00;000;1.000;000;0.000;000;31;01;00;00;00;00;;;;;;;;;;E;;;;;;
030;GBA3;00;B;31;00;045;0.000;000;0.000;000;00;00;00;00;00;00;;;;;;;D;;;E;;Baseline date on End of the month;;;;
030;GBAB;00;B;00;00;015;3.000;000;0.000;000;00;00;31;01;00;00;;;;;;;;;;E;;Before End of the next month  Due net;;;;
030;GBAC;00;B;00;00;007;1.000;000;0.000;000;00;00;31;01;00;00;;;;;;;;;;E;;Before End of the next month  Due net;;;;
030;GBAD;00;B;00;00;008;3.000;000;0.000;000;00;00;31;01;00;00;;;;;;;;;;E;;Before End of the next month  Due net;;;;
030;GBAJ;00;B;00;00;000;1.000;000;0.000;000;31;01;15;02;00;00;;;;;;;;;;E;;Before 15 in 2 months Due net;;;;
030;GBAL;00;B;00;00;000;1.500;000;0.000;000;00;00;15;02;00;00;;;;;;;;;;E;;Before 15 in 2 months Due net;;;;
030;GBAM;00;B;00;00;030;3.000;000;0.000;000;00;00;31;02;00;00;;;;;;;;;;E;;Before End in 2 months Due net;;;;
030;GBAN;00;B;00;00;000;2.000;000;0.000;000;31;01;31;02;00;00;;;;;;;;;;E;;Before End in 2 months Due net;;;;
030;GBAO;00;B;00;00;000;2.500;000;0.000;000;31;01;31;02;00;00;;;;;;;;;;E;;Before End in 2 months Due net;;;;
030;GBAP;00;B;00;00;000;3.750;000;0.000;000;31;01;31;02;00;00;;;;;;;;;;E;;Before End in 2 months Due net;;;;
030;GBAQ;00;B;00;00;000;3.000;000;0.000;000;05;02;31;02;00;00;;;;;;;;;;E;;Before End in 2 months Due net;;;;
030;GBAT;00;B;00;00;000;4.500;000;0.000;000;15;02;31;02;00;00;;;;;;;;;;E;;Before End in 2 months Due net;;;;
030;GBAU;00;B;00;00;000;2.000;000;0.000;000;28;02;00;00;00;00;;;;;;;;;;E;;;;;;
030;GBAV;00;B;00;00;000;2.500;000;0.000;000;28;02;00;00;00;00;;;;;;;;;;E;;;;;;
030;GBAY;00;B;00;00;007;3.000;000;0.000;000;00;00;31;02;00;00;;;;;;;;;;E;;Before End in 2 months Due net;;;;
030;GBAZ;00;B;00;00;000;3.000;000;0.000;000;07;01;31;02;00;00;;;;;;;;;;E;;Before End in 2 months Due net;;;;
030;GBB1;00;B;31;00;015;0.000;000;0.000;000;00;00;00;00;00;00;;;;;;;;;;E;;Baseline date on End of the month;;;;
030;GBBB;00;B;00;00;150;0.000;000;0.000;000;00;00;00;00;00;00;;;;;;;;;;E;150 days DOI;;;;;
030;GBBC;00;B;00;00;180;0.000;000;0.000;000;00;00;00;00;00;00;;;;;;;;;;E;180 days DOI;;;;;
030;GBBD;00;B;31;00;155;0.000;000;0.000;000;00;00;00;00;00;00;;;;;;;;;;E;155 days EOM;Baseline date on End of the month;;;;
030;GBBH;00;B;31;00;000;0.000;000;0.000;000;07;03;00;00;00;00;;;;;;;;;;E;;Baseline date on End of the month;;;;
030;GBBR;00;B;00;00;014;2.000;000;0.000;000;00;00;07;03;00;00;;;;;;;;;;E;;Before 7 in 3 months Due net;;;;
030;GBBS;00;B;00;00;014;0.400;000;0.000;000;00;00;31;02;00;00;;;;;;;;;;E;;Before End in 2 months Due net;;;;
030;GBNI;00;B;00;00;014;3.000;000;0.000;000;00;00;31;02;00;00;;;;;;;;;;E;;Before End in 2 months Due net;;;;
030;GBNO;00;B;00;00;014;3.000;000;0.000;000;00;00;30;01;00;00;;;;;;;;;;E;;Before 30 of the next month  Due net;;;;
030;GBT1;00;B;00;00;100;0.000;000;0.000;000;00;00;00;00;00;00;;;;;;;;;;E;;;;;;
030;GBT2;00;B;00;00;125;0.000;000;0.000;000;00;00;00;00;00;00;;;;;;;;;;E;;;;;;
030;HR01;00;B;00;00;030;0.000;000;0.000;000;00;00;00;00;00;00;;;;;;;;;;E;within 30 days Due net;;;;;
030;HR02;00;B;00;00;060;0.000;000;0.000;000;00;00;00;00;00;00;;;;;;;;;;E;within 60 days Due net;;;;;
030;HR03;00;B;00;00;014;0.000;000;0.000;000;00;00;00;00;00;00;;;;;;;;;;E;within 14 days Due net;;;;;
030;HR04;00;B;00;00;000;0.000;000;0.000;000;00;00;00;00;00;00;;;;;;;;;;E;Immed. payable without deduc.;;;;;
030;HR05;00;B;00;00;015;0.000;000;0.000;000;00;00;00;00;00;00;;;;;;;;;;E;within 15 days Due net;;;;;
030;HR06;00;B;00;00;045;0.000;000;0.000;000;00;00;00;00;00;00;;;;;;;;;;E;within 45 days Due net;;;;;
030;HR07;00;B;00;00;005;5.000;030;0.000;000;00;00;00;00;00;00;;;;;;;;;;E;5 days 5% dis, 30 days Due net;within 30 days Due net;;;;
030;HR08;00;B;00;00;008;0.000;000;0.000;000;00;00;00;00;00;00;;;;;;;;;;E;within 8 days Due net;;;;;
030;HR09;00;B;00;00;010;0.000;000;0.000;000;00;00;00;00;00;00;;;;;;;;;;E;within 10 days Due net;;;;;
030;HR11;00;B;00;00;090;0.000;000;0.000;000;00;00;00;00;00;00;;;;;;;;;;E;within 90 days Due net;;;;;
030;HR15;00;B;00;00;014;2.000;030;0.000;000;00;00;00;00;00;00;;;;;;;;;;E;14 days 2% dis,30 days Due net;within 30 days Due net;;;;
030;HR18;00;B;00;00;120;0.000;000;0.000;000;00;00;00;00;00;00;;;;;;;;;;E;within 120 days without deduc.;;;;;
030;HR20;00;B;00;00;030;2.000;060;0.000;000;00;00;00;00;00;00;;;;;;;;;;E;30 days 2 % disc., 60d due net;within 60 days Due net;;;;
030;HR21;00;B;00;00;014;2.000;090;0.000;000;00;00;00;00;00;00;;;;;;;;;;E;14 days 2% dis,90 days Due net;within 90 days Due net;;;;
030;HR22;00;B;00;00;075;0.000;000;0.000;000;00;00;00;00;00;00;;;;;;;;;;E;within 75 days Due net;;;;;
030;HR23;00;B;00;00;014;3.000;090;0.000;000;00;00;00;00;00;00;;;;;;;;;;E;14days 3%discount, 90days net;within 90 days Due net;;;;
030;HR24;00;B;00;00;014;3.000;045;0.000;000;00;00;00;00;00;00;;;;;;;;;;E;14days 3%discount, 45 days net;within 45 days Due net;;;;
030;HR30;00;B;31;00;000;0.000;000;0.000;000;15;02;00;00;00;00;;;;;;;;;;E;Before 15 in 2 months Due net;Baseline date on End of the month;;;;
030;HR33;00;B;00;00;014;2.000;060;0.000;000;00;00;00;00;00;00;;;;;;;;;;E;within 14 days 2% discount;within 60 days Due net;;;;
030;HR36;00;B;00;00;030;3.000;090;0.000;000;00;00;00;00;00;00;;;;;;;;;;E;30 days 3 % disc., 90d due net;within 90 days Due net;;;;
030;HR37;00;B;00;00;014;3.000;030;0.000;000;00;00;00;00;00;00;;;;;;;;;;E;within 14 days 3 %, 30d net;within 30 days Due net;;;;
030;HR38;00;B;00;00;014;3.000;060;0.000;000;00;00;00;00;00;00;;;;;;;;;;E;within 14 days, 3 %, 60d net;within 60 days Due net;;;;
030;HR39;00;B;00;00;030;3.000;045;0.000;000;00;00;00;00;00;00;;;;;;;;;;E;within 30 days, 3 %, 45d net;within 45 days Due net;;;;
030;HR40;00;B;00;00;045;3.000;060;0.000;000;00;00;00;00;00;00;;;;;;;;;;E;within 45 days, 3 %, 60d net;within 60 days Due net;;;;
030;HR44;00;B;00;00;010;2.000;030;0.000;000;00;00;00;00;00;00;;;;;;;;;;E;within 10 days, 2%, 30d net;within 30 days Due net;;;;
030;HR45;00;B;00;00;015;0.000;000;0.000;000;00;00;00;00;00;00;;;;;;;;;;E;within 15 days Due net;;;;;
030;HR47;00;B;00;00;003;0.000;000;0.000;000;00;00;00;00;00;00;;;;;;;;;;E;within 3 days Due net;;;;;
030;HR50;00;B;00;00;080;0.000;000;0.000;000;00;00;00;00;00;00;;;;;;;;;;E;within 80 days Due net;;;;;
030;HR55;00;B;31;00;060;0.000;000;0.000;000;00;00;00;00;00;00;;;;;;;;;;E;;Baseline date on End of the month;;;;
030;HR60;00;B;00;00;020;3.000;030;2.000;090;00;00;00;00;00;00;;;;;;;;;;E;;within 30 days 2 % cash discount;within 90 days Due net;;;
030;HR61;00;B;00;00;045;3.000;120;0.000;000;00;00;00;00;00;00;;;;;;;;;;E;;within 120 days Due net;;;;
030;HR64;00;B;00;00;021;4.000;030;0.000;000;00;00;00;00;00;00;;;;;;;;;;E;;within 30 days Due net;;;;
030;HR65;00;B;00;00;008;2.000;016;0.000;000;00;00;00;00;00;00;;;;;;;;;;E;;within 16 days Due net;;;;
030;HR69;00;B;00;00;006;0.000;000;0.000;000;00;00;00;00;00;00;;;;;;;;;;E;within 6 days Due net;;;;;
030;HR72;00;B;00;00;008;5.000;060;0.000;000;00;00;00;00;00;00;;;;;;;;;;E;;within 60 days Due net;;;;
030;HR80;00;B;00;00;015;4.000;090;0.000;000;00;00;00;00;00;00;;;;;;;;;;E;;within 90 days Due net;;;;
030;HR81;00;B;00;00;000;0.000;000;0.000;000;00;00;00;00;00;00;;;;;;;;;;E;;;;;;
030;HR82;00;;00;00;060;0.000;000;0.000;000;01;01;00;00;00;00;;;;;;;;;;E;;;;;;
030;HR83;00;B;00;00;150;0.000;000;0.000;000;15;01;00;00;00;00;;;;;;;;;;E;;;;;;
030;HR86;00;B;00;00;045;3.000;075;0.000;000;00;00;00;00;00;00;;;;;;;;;;E;;within 75 days Due net;;;;
030;HR87;00;B;31;00;030;1.000;090;0.000;000;00;00;00;00;00;00;;;;;;;;;;E;;within 90 days Due net;Baseline date on End of the month;;;
030;HR88;00;B;31;00;030;2.500;090;0.000;000;00;00;00;00;00;00;;;;;;;;;;E;;within 90 days Due net;Baseline date on End of the month;;;
030;HR89;00;B;31;00;030;3.000;090;0.000;000;00;00;00;00;00;00;;;;;;;;;;E;;within 90 days Due net;Baseline date on End of the month;;;
030;HR90;00;C;00;00;059;1.000;060;0.000;000;00;00;00;00;00;00;;;;;;;;;;E;;within 60 days Due net;;;;
030;HR91;00;B;31;00;030;1.500;090;0.000;000;00;00;00;00;00;00;;;;;;;;;;E;;within 90 days Due net;Baseline date on End of the month;;;
030;HR92;00;D;00;00;008;4.000;021;3.000;030;00;00;00;00;00;00;;;;;;;;;;E;8 days 4%, 21 days 3%, 30 days;within 21 days 3 % cash discount;within 30 days Due net;;;
030;HR93;00;B;31;00;030;1.500;000;0.000;000;00;00;00;00;00;00;;;;;;;;;;E;;Baseline date on End of the month;;;;
030;HUA4;00;B;00;00;030;0.000;000;0.000;000;00;00;00;00;00;00;;;;;;;D;;;E;;;;;;
030;HUA9;00;B;00;00;000;0.000;000;0.000;000;01;05;00;00;00;00;;;;;;;D;;;E;120 days + EOM + 1 day;;;;;
030;IT06;00;B;31;03;000;0.000;000;0.000;000;00;00;00;00;00;00;;;;;;;;;;E;D/R EOM + 90 Days;Baseline date on End in 3 months;;;;
030;IT19;00;B;31;01;000;0.000;000;0.000;000;00;00;00;00;00;00;;;;;;;;;;E;30 days end of month;Baseline date on End of next month;;;;
030;IT77;00;B;00;01;000;0.000;000;0.000;000;00;00;00;00;00;00;;;;;;;;;;E;;Baseline date postponed by a month;;;;
030;N01;00;B;31;00;000;0.000;000;0.000;000;25;01;00;00;00;00;;;;;;;;;;E;DS Smith Netting;Baseline date on End of the month;;;;
030;NL07;00;B;31;00;014;3.000;060;0.000;000;00;00;00;00;00;00;;;;;;;;;;E;;within 60 days Due net;Baseline date on End of the month;;;
030;NL23;00;B;00;00;000;1.000;000;0.000;000;00;00;00;00;00;00;;;;;;;;;;E;;;;;;
030;NL34;00;B;31;00;045;0.000;000;0.000;000;00;00;00;00;00;00;;;;;;;;;;E;30 days eom + 15 days;Baseline date on End of the month;;;;
030;NL42;00;B;00;00;014;1.500;030;0.000;000;00;00;00;00;00;00;;;;;;;;;;E;;within 30 days Due net;;;;
030;NL52;00;B;31;01;000;1.500;000;0.000;000;00;00;00;00;00;00;;;;;;;;;;E;;Baseline date on End of next month;;;;
030;NL59;00;B;00;00;000;1.500;000;0.000;000;31;00;00;00;00;00;;;;;;;;;;E;;;;;;
030;NL60;00;B;00;00;015;1.500;030;0.000;000;00;00;00;00;00;00;;;;;;;;;;E;;within 30 days Due net;;;;
030;NL76;00;B;00;00;014;2.000;086;0.000;000;00;00;00;00;00;00;;;;;;;;;;E;;within 86 days Due net;;;;
030;NLB8;00;B;10;02;000;0.000;000;0.000;000;00;00;00;00;00;00;;;;;;;;;;E;;Baseline date on 10 in 2 months;;;;
030;NLC8;00;B;00;00;003;4.000;000;0.000;000;00;00;00;00;00;00;;;;;;;;;;E;;;;;;
030;RO22;00;B;31;00;120;0.000;000;0.000;000;01;01;00;00;00;00;;;;;;;D;;;E;120 days EOM + 3 days;Baseline date on End of the month;;;;
030;RO23;31;B;31;00;090;0.000;000;0.000;000;00;00;00;00;00;00;;;;;;;D;;;E;90 days end of month;  within 90 days Due net;  Baseline date on End of the month;;;
030;RO24;31;B;31;00;000;0.000;000;0.000;000;01;04;00;00;00;00;;;;;;;D;;;E;90 days end of month +2 days;  Before 1 in 4 months Due net;  Baseline date on End of the month;;;
030;RO25;31;B;31;00;000;0.000;000;0.000;000;03;04;00;00;00;00;;;;;;;D;;;E;90 days end of month +5 days;  Before 3 in 4 months Due net;  Baseline date on End of the month;;;
030;S100;00;B;00;00;005;3.000;010;2.000;030;00;00;00;00;00;00;;;;;;;;;;E;5 days 3%, 10 days 2%;within 10 days 2 % cash discount;within 30 days Due net;;;
030;S130;00;;00;00;010;3.000;000;0.000;000;00;00;00;00;00;00;;;;;;;;;;E;;;;;;
030;S30;00;B;00;00;030;0.000;000;0.000;000;00;00;00;00;00;00;;;;;;;;;;E;30 days Due net;;;;;
030;S60;00;B;00;00;060;0.000;000;0.000;000;00;00;00;00;00;00;;;;;;;;;;E;60 days Due net;;;;;
030;SDNA;00;B;00;00;015;0.000;000;0.000;000;00;00;00;00;00;00;;;;;;;;;;E;;;;;;
030;SE18;00;B;31;00;060;0.000;000;0.000;000;00;00;00;00;00;00;;;;;;;;;;E;;Baseline date on End of the month;;;;
030;SEC9;00;B;00;00;010;2.000;000;0.000;000;00;00;00;00;00;00;;;;;;;;;;E;;;;;;
030;SED3;00;B;30;01;000;0.000;000;0.000;000;00;00;00;00;00;00;;;;;;;;;;E;;Baseline date on 30 of next month;;;;
030;SF23;00;B;00;00;086;0.000;000;0.000;000;00;00;00;00;00;00;;;;;;;;;;E;;;;;;
030;US12;00;B;00;00;000;0.000;000;0.000;000;15;01;00;00;00;00;;;;;;;;;;E;15 Days frm end of mnth of inv;;;;;
030;0001;00;B;00;00;000;0.000;000;0.000;000;00;00;00;00;00;00;;;;;;;;;;E;Pay immediately w/o deduction;;;;;
030;0002;00;B;00;00;014;2.000;030;0.000;000;00;00;00;00;00;00;;;;;;;;;;E;14 days 2%, 30 days net;within 30 days Due net;;;;
030;0005;00;;10;01;000;0.000;000;0.000;000;00;00;00;00;00;00;;;;;;;;;;E;from the 10th of subs. month;Baseline date on 10 of next month;;;;
030;0010;00;B;00;00;008;3.000;000;0.000;000;00;00;31;01;00;00;;;;;;;;;;E;50% Advance / No discount;Before End of the next month  Due net;;;;
030;CH01;00;B;00;00;014;3.000;060;0.000;000;00;00;00;00;00;00;;;;;;;;;;E;;within 60 days Due net;;;;
030;CH02;00;B;00;00;020;3.000;030;0.000;000;00;00;00;00;00;00;;;;;;;;;;E;;within 30 days Due net;;;;
030;CZ17;00;;00;00;017;0.000;000;0.000;000;00;00;00;00;00;00;;;;;;;;;;E;;;;;;
030;CZ21;00;;00;00;021;0.000;000;0.000;000;00;00;00;00;00;00;;;;;;;;;;E;;;;;;
030;CZ75;00;;00;00;075;0.000;000;0.000;000;00;00;00;00;00;00;;;;;;;;;;E;;;;;;
030;D022;00;B;31;01;020;0.000;000;0.000;000;00;00;00;00;00;00;;;;;;;;;;E;;Baseline date on End of next month;;;;
030;D034;00;B;00;00;007;0.000;000;0.000;000;00;00;00;00;00;00;;;;;;;;;;E;;;;;;
030;D038;00;B;00;00;014;3.000;000;0.000;000;00;00;00;00;00;00;;;;;;;;;;E;;;;;;
030;D041;00;B;00;00;020;3.000;060;0.000;000;00;00;00;00;00;00;;;;;;;;;;E;;within 60 days Due net;;;;
030;D044;00;B;00;00;007;2.000;014;0.000;000;00;00;00;00;00;00;;;;;;;;;;E;;within 14 days Due net;;;;
030;D045;00;B;00;00;014;3.000;000;0.000;000;00;00;15;01;00;00;;;;;;;;;;E;;Before 15 of the next month  Due net;;;;
030;D046;00;B;00;00;030;1.000;000;0.000;000;00;00;00;00;00;00;;;;;;;;;;E;;;;;;
030;D047;00;B;00;00;010;2.000;000;0.000;000;00;00;31;02;00;00;;;;;;;;;;E;;Before End in 2 months Due net;;;;
030;D048;00;B;00;00;014;2.000;000;0.000;000;00;00;15;01;00;00;;;;;;;;;;E;;Before 15 of the next month  Due net;;;;
030;D060;00;B;00;00;030;3.000;045;0.000;000;00;00;00;00;00;00;;;;;;;;;;E;;within 45 days Due net;;;;
030;D331;00;B;00;00;060;3.000;090;0.000;000;00;00;00;00;00;00;;;;;;;;;;E;;within 90 days Due net;;;;
030;DB00;00;B;00;00;000;0.000;000;0.000;000;00;00;00;00;00;00;;;;;;;;;;E;;;;;;
030;DB10;00;B;00;00;000;0.000;000;0.000;000;00;00;00;00;00;00;;;;;;;;;;E;;;;;;
030;DD00;00;B;00;00;000;0.000;000;0.000;000;00;00;00;00;00;00;;;;;;;;;;E;advanced payment;;;;;
030;DD01;00;B;00;00;000;0.000;000;0.000;000;00;00;00;00;00;00;;;;;;;;;;E;Payable immediately Due net;;;;;
030;DD02;00;B;00;00;014;0.000;000;0.000;000;00;00;00;00;00;00;;;;;;;;;;E;Within 14 days Due net;;;;;
030;DD03;00;B;00;00;030;0.000;000;0.000;000;00;00;00;00;00;00;;;;;;;;;;E;Within 30 days Due net;;;;;
030;DD04;00;B;00;00;045;0.000;000;0.000;000;00;00;00;00;00;00;;;;;;;;;;E;Within 45 days Due net;;;;;
030;DD05;00;B;00;00;060;0.000;000;0.000;000;00;00;00;00;00;00;;;;;;;;;;E;Within 60 days Due net;;;;;
030;DD06;00;B;00;00;090;0.000;000;0.000;000;00;00;00;00;00;00;;;;;;;;;;E;90 days Due net;;;;;
030;DD07;00;B;00;00;120;0.000;000;0.000;000;00;00;00;00;00;00;;;;;;;;;;E;120 Days Net;;;;;
030;DD08;00;B;00;00;060;0.000;000;0.000;000;00;00;00;00;00;00;;;;;;;;;;E;;;;;;
030;DD09;00;B;00;00;060;0.000;000;0.000;000;00;00;00;00;00;00;;;;;;;;;;E;;;;;;
030;DD0A;00;B;00;00;005;0.000;000;0.000;000;00;00;00;00;00;00;;;;;;;;;;E;Within 5 days Due net;;;;;
030;DD10;00;B;00;00;090;0.000;000;0.000;000;00;00;00;00;00;00;;;;;;;;;;E;;;;;;
030;DD11;00;B;00;00;007;0.000;000;0.000;000;00;00;00;00;00;00;;;;;;;;;;E;Within 7 days Due net;;;;;
030;DD12;00;B;00;00;070;0.000;000;0.000;000;00;00;00;00;00;00;;;;;;;;;;E;70 Days Net;;;;;
030;DD14;00;B;00;00;000;0.000;000;0.000;000;00;00;00;00;00;00;;;;;;;;;;E;;;;;;
030;DD15;00;B;00;00;030;0.000;000;0.000;000;00;00;00;00;00;00;;;;;;;;;;E;;;;;;
030;DD17;00;B;00;00;060;0.000;000;0.000;000;00;00;00;00;00;00;;;;;;;;;;E;;;;;;
030;DD19;00;B;00;00;040;0.000;000;0.000;000;00;00;00;00;00;00;;;;;;;;;;E;;;;;;
030;DD1A;00;B;31;00;015;0.000;000;0.000;000;00;00;00;00;00;00;;;;;;;;;;E;15 days end of month;Baseline date on End of the month;;;;
030;DD1C;00;B;00;00;010;0.000;000;0.000;000;00;00;00;00;00;00;;;;;;;;;;E;;;;;;
030;DD1N;31;B;25;01;000;0.000;000;0.000;000;00;00;00;00;00;00;;;;;;;;;;E;Payable immediately Due net;  Payable immediately Due net;  Baseline date on 25 of next month;;;
030;DD20;00;B;00;00;060;0.000;000;0.000;000;00;00;00;00;00;00;;;;;;;;;;E;;;;;;
030;DD21;00;B;00;00;014;3.000;045;0.000;000;00;00;00;00;00;00;;;;;;;;;;E;14/3%,45 net;within 45 days Due net;;;;
030;DD22;00;B;00;00;030;0.000;000;0.000;000;00;00;00;00;00;00;;;;;;;;;;E;;;;;;
030;DD24;00;B;00;00;030;0.000;000;0.000;000;00;00;00;00;00;00;;;;;;;;;;E;;;;;;
030;DD25;00;B;00;00;015;0.000;000;0.000;000;00;00;00;00;00;00;;;;;;;;;;E;Within 15 days Due net;;;;;
030;DD27;00;B;00;00;014;0.000;000;0.000;000;00;00;00;00;00;00;;;;;;;;;;E;;;;;;
030;DD28;00;B;00;00;030;0.000;000;0.000;000;00;00;00;00;00;00;;;;;;;;;;E;;;;;;
030;DD29;00;;00;00;017;0.000;000;0.000;000;00;00;00;00;00;00;;;;;;;;;;E;;;;;;
030;DD30;00;B;00;00;060;0.000;000;0.000;000;00;00;00;00;00;00;;;;;;;;;;E;;;;;;
030;DD31;00;B;00;00;020;0.000;000;0.000;000;00;00;00;00;00;00;;;;;;;;;;E;Within 20 days Due net;;;;;
030;DD42;00;B;00;00;014;1.000;030;0.000;000;00;00;00;00;00;00;;;;;;;;;;E;14 days 1 %, 30 days net;within 30 days Due net;;;;
030;DD45;00;B;00;00;060;1.000;075;0.000;000;00;00;00;00;00;00;;;;;;;;;;E;;within 75 days Due net;;;;
030;DD51;00;B;00;00;014;5.000;060;0.000;000;00;00;00;00;00;00;;;;;;;;;;E;;within 60 days Due net;;;;
030;DD53;00;B;00;00;021;3.000;090;0.000;000;00;00;00;00;00;00;;;;;;;;;;E;;within 90 days Due net;;;;
030;DD56;00;B;00;00;030;2.000;000;0.000;000;00;00;00;00;00;00;;;;;;;;;;E;;;;;;
030;DD58;00;B;00;00;020;3.000;030;2.000;060;00;00;00;00;00;00;;;;;;;;;;E;;within 30 days 2 % cash discount;within 60 days Due net;;;
030;DD59;00;B;00;00;030;2.000;040;0.000;000;00;00;00;00;00;00;;;;;;;;;;E;;within 40 days Due net;;;;
030;DD60;00;B;00;00;000;2.000;000;0.000;000;00;00;00;00;00;00;;;;;;;;;;E;advanced payment 2% Skonto;;;;;
030;DD62;00;B;00;00;014;2.000;030;0.000;000;00;00;00;00;00;00;;;;;;;;;;E;14 days 2 %, 30 days due net;within 30 days Due net;;;;
030;DD63;00;B;00;00;014;2.000;030;0.000;000;00;00;00;00;00;00;;;;;;;;;;E;;within 30 days Due net;;;;
030;DD64;00;B;00;00;014;2.000;060;0.000;000;00;00;00;00;00;00;;;;;;;;;;E;14 days 2%, 60 days net;within 60 days Due net;;;;
030;DD65;00;B;00;00;014;2.000;090;0.000;000;00;00;00;00;00;00;;;;;;;;;;E;;within 90 days Due net;;;;
030;DD66;00;B;00;00;030;2.000;060;0.000;000;00;00;00;00;00;00;;;;;;;;;;E;;within 60 days Due net;;;;
030;DD67;00;B;00;00;060;2.000;090;0.000;000;00;00;00;00;00;00;;;;;;;;;;E;;within 90 days Due net;;;;
030;DD74;00;B;00;00;030;3.000;075;0.000;000;00;00;00;00;00;00;;;;;;;;;;E;;within 75 days Due net;;;;
030;DD75;00;B;00;00;030;2.000;090;0.000;000;00;00;00;00;00;00;;;;;;;;;;E;;within 90 days Due net;;;;
030;DD76;00;B;00;00;020;2.000;030;0.000;000;00;00;00;00;00;00;;;;;;;;;;E;;within 30 days Due net;;;;
030;DD78;00;B;00;00;003;3.000;030;0.000;000;00;00;00;00;00;00;;;;;;;;;;E;;within 30 days Due net;;;;
030;DD79;00;B;00;00;021;3.000;030;0.000;000;00;00;00;00;00;00;;;;;;;;;;E;21 days 3 %, 30 days net;within 30 days Due net;;;;
030;DD7C;00;B;00;00;125;0.000;000;0.000;000;00;00;00;00;00;00;;;;;;;;;;E;125 Days net;;;;;
030;DD81;00;B;00;00;003;3.000;014;2.000;030;00;00;00;00;00;00;;;;;;;;;;E;;within 14 days 2 % cash discount;within 30 days Due net;;;
030;DD84;00;B;00;00;014;3.000;030;2.000;090;00;00;00;00;00;00;;;;;;;;;;E;;within 30 days 2 % cash discount;within 90 days Due net;;;
030;DD85;00;B;00;00;014;3.000;030;0.000;000;00;00;00;00;00;00;;;;;;;;;;E;14 days 3%, 30 days net;within 30 days Due net;;;;
030;DD86;00;B;00;00;014;3.000;060;0.000;000;00;00;00;00;00;00;;;;;;;;;;E;;within 60 days Due net;;;;
030;DD87;00;B;00;00;014;3.000;090;0.000;000;00;00;00;00;00;00;;;;;;;;;;E;14 days 3 %, 90 days net;within 90 days Due net;;;;
030;DD88;00;B;00;00;030;3.000;060;0.000;000;00;00;00;00;00;00;;;;;;;;;;E;;within 60 days Due net;;;;
030;DD89;00;B;00;00;030;3.000;090;0.000;000;00;00;00;00;00;00;;;;;;;;;;E;;within 90 days Due net;;;;
030;DD8A;00;B;00;00;008;2.000;090;0.000;000;00;00;00;00;00;00;;;;;;;;;;E;;within 90 days Due net;;;;
030;DD8B;00;B;00;00;008;3.000;014;0.000;000;00;00;00;00;00;00;;;;;;;;;;E;;within 14 days Due net;;;;
030;DD8C;00;B;00;00;008;3.000;045;0.000;000;00;00;00;00;00;00;;;;;;;;;;E;;within 45 days Due net;;;;
030;DD8D;00;B;00;00;008;3.000;090;0.000;000;00;00;00;00;00;00;;;;;;;;;;E;;within 90 days Due net;;;;
030;DD92;00;B;00;00;003;0.000;000;0.000;000;00;00;00;00;00;00;;;;;;;;;;E;Within 3 days Due net;;;;;
030;DD93;00;B;00;00;005;3.000;030;0.000;000;00;00;00;00;00;00;;;;;;;;;;E;;within 30 days Due net;;;;
030;DD94;00;B;00;00;014;2.000;030;0.000;000;00;00;00;00;00;00;;;;;;;;;;E;;within 30 days Due net;;;;
030;DD97;00;B;00;00;021;0.000;000;0.000;000;00;00;00;00;00;00;;;;;;;;;;E;;;;;;
030;DDAX;00;B;00;00;030;3.000;031;0.000;000;00;00;00;00;00;00;;;;;;;;;;E;;within 31 days Due net;;;;
030;DDBE;00;B;00;00;007;3.000;000;0.000;000;00;00;00;00;00;00;;;;;;;;;;E;;;;;;
030;DDBF;00;B;00;00;021;3.000;060;0.000;000;00;00;00;00;00;00;;;;;;;;;;E;;within 60 days Due net;;;;
030;DDBH;00;B;00;00;008;2.000;000;0.000;000;00;00;00;00;00;00;;;;;;;;;;E;;;;;;
030;DDBP;00;B;00;00;000;0.000;000;0.000;000;15;01;00;00;00;00;;;;;;;;;;E;;;;;;
030;DDBS;00;B;00;00;030;3.000;060;2.000;090;00;00;00;00;00;00;;;;;;;;;;E;;within 60 days 2 % cash discount;within 90 days Due net;;;
030;DDC1;00;B;00;00;020;3.000;030;2.000;060;00;00;00;00;00;00;;;;;;;;;;E;38 days 4%, 60 net;within 30 days 2 % cash discount;within 60 days Due net;;;
030;DDC9;00;B;00;00;020;2.000;060;0.000;000;00;00;00;00;00;00;;;;;;;;;;E;;within 60 days Due net;;;;
030;DDD1;00;B;00;00;010;5.000;030;3.000;060;00;00;00;00;00;00;;;;;;;;;;E;;within 30 days 3 % cash discount;within 60 days Due net;;;
030;DDD2;00;B;00;00;010;3.000;030;0.000;000;00;00;00;00;00;00;;;;;;;;;;E;;within 30 days Due net;;;;
030;DDD3;00;B;00;00;010;2.000;030;0.000;000;00;00;00;00;00;00;;;;;;;;;;E;10 days 2 %, 30 days net;within 30 days Due net;;;;
030;DDD9;00;B;00;00;010;5.000;030;2.000;060;00;00;00;00;00;00;;;;;;;;;;E;;within 30 days 2 % cash discount;within 60 days Due net;;;
030;DDDE;31;B;31;00;045;0.000;000;0.000;000;00;00;00;00;00;00;;;;;;;;;;E;45 days end of month;  within 45 days Due net;  Baseline date on End of the month;;;
030;DDDH;00;B;00;00;010;5.000;000;0.000;000;00;00;00;00;00;00;;;;;;;;;;E;;;;;;
030;DDDI;00;B;00;00;014;3.000;030;0.000;000;00;00;00;00;00;00;;;;;;;;;;E;;within 30 days Due net;;;;
030;DDDM;31;B;31;00;093;0.000;000;0.000;000;00;00;00;00;00;00;;;;;;;;;;E;93 days to month end;  within 93 days Due net;  Baseline date on End of the month;;;
030;DDDO;00;B;31;01;000;0.000;000;0.000;000;27;01;00;00;00;00;;;;;;;;;;E;;Baseline date on End of next month;;;;
030;DDE0;00;B;00;00;008;3.000;030;0.000;000;00;00;00;00;00;00;;;;;;;;;;E;;within 30 days Due net;;;;
030;DDE1;00;B;00;00;020;3.000;060;0.000;000;00;00;00;00;00;00;;;;;;;;;;E;;within 60 days Due net;;;;
030;DDE5;00;B;00;00;008;3.000;030;0.000;000;00;00;00;00;00;00;;;;;;;;;;E;;within 30 days Due net;;;;
030;DDE7;00;B;00;00;020;2.000;045;0.000;000;00;00;00;00;00;00;;;;;;;;;;E;;within 45 days Due net;;;;
030;DDE8;00;B;00;00;020;3.000;030;0.000;000;00;00;00;00;00;00;;;;;;;;;;E;;within 30 days Due net;;;;
030;DDE9;00;B;00;00;014;3.000;020;2.000;030;00;00;00;00;00;00;;;;;;;;;;E;;within 20 days 2 % cash discount;within 30 days Due net;;;
030;DDEF;00;B;31;00;008;2.000;030;0.000;000;00;00;00;00;00;00;;;;;;;;;;E;;within 30 days Due net;Baseline date on End of the month;;;
030;DDEG;00;B;00;00;014;5.000;030;0.000;000;00;00;00;00;00;00;;;;;;;;;;E;;within 30 days Due net;;;;
030;DDEK;00;B;00;00;014;2.000;045;0.000;000;00;00;00;00;00;00;;;;;;;;;;E;;within 45 days Due net;;;;
030;DDER;00;B;00;00;014;2.000;000;0.000;000;00;00;00;00;00;00;;;;;;;;;;E;;;;;;
030;DDF1;00;B;00;00;030;3.000;045;0.000;000;00;00;00;00;00;00;;;;;;;;;;E;30days 3%cash disc.45days net;within 45 days Due net;;;;
030;DDF2;00;B;00;00;008;2.000;030;0.000;000;00;00;00;00;00;00;;;;;;;;;;E;;within 30 days Due net;;;;
030;DDF3;31;B;31;00;030;0.000;000;0.000;000;00;00;00;00;00;00;;;;;;;;;;E;;  within 30 days Due net;  Baseline date on End of the month;;;
030;DDF6;00;B;00;00;008;3.000;014;2.000;030;00;00;00;00;00;00;;;;;;;;;;E;;within 14 days 2 % cash discount;within 30 days Due net;;;
030;DDF7;31;B;10;01;000;3.000;000;0.000;000;00;00;00;00;00;00;;;;;;;;;;E;;  Payable immediately 3 % cash discount;  Baseline date on 10 of next month;;;
030;DDF8;00;B;00;00;014;3.000;030;2.000;060;00;00;00;00;00;00;;;;;;;;;;E;;within 30 days 2 % cash discount;within 60 days Due net;;;
030;DDG1;31;B;15;01;000;0.000;000;0.000;000;00;00;00;00;00;00;;;;;;;;;;E;;  Payable immediately Due net;  Baseline date on 15 of next month;;;
030;DDG2;00;B;00;00;010;3.000;030;2.000;060;00;00;00;00;00;00;;;;;;;;;;E;;within 30 days 2 % cash discount;within 60 days Due net;;;
030;DDGA;00;B;00;00;020;2.000;030;0.000;000;00;00;00;00;00;00;;;;;;;;;;E;;within 30 days Due net;;;;
030;DDGK;00;B;00;00;021;2.000;030;0.000;000;00;00;00;00;00;00;;;;;;;;;;E;;within 30 days Due net;;;;
030;DDI2;00;B;00;00;030;4.000;045;0.000;000;00;00;00;00;00;00;;;;;;;;;;E;;within 45 days Due net;;;;
030;DDIN;31;B;20;01;000;4.000;000;0.000;000;00;00;00;00;00;00;;;;;;;;;;E;;  Payable immediately 4 % cash discount;  Baseline date on 20 of next month;;;
030;DDJB;00;;31;03;010;0.000;000;0.000;000;00;00;00;00;00;00;;;;;;;;;;E;;Baseline date on End in 3 months;;;;
030;DDK2;00;B;00;00;000;4.000;000;0.000;000;00;00;00;00;00;00;;;;;;;;;;E;;;;;;
030;DDLJ;00;B;00;00;021;3.000;030;0.000;000;00;00;00;00;00;00;;;;;;;;;;E;;within 30 days Due net;;;;
030;DDM2;00;B;00;00;014;4.000;030;0.000;000;00;00;00;00;00;00;;;;;;;;;;E;;within 30 days Due net;;;;
030;DDM5;00;B;00;00;021;3.000;045;0.000;000;00;00;00;00;00;00;;;;;;;;;;E;;within 45 days Due net;;;;
030;DDN0;00;B;00;00;010;0.000;000;0.000;000;00;00;00;00;00;00;;;;;;;;;;E;Within 10 days Due net;;;;;
030;DDN3;00;B;00;00;075;0.000;000;0.000;000;00;00;00;00;00;00;;;;;;;;;;E;75 Days, Bank Transfer;;;;;
030;DDN5;00;B;00;00;008;0.000;000;0.000;000;00;00;00;00;00;00;;;;;;;;;;E;8 Days, Bank Transfer;;;;;
030;DDO0;15;B;00;00;000;0.000;000;0.000;000;15;00;00;00;00;00;;;;;;;;;;E;due 5th day 3mth;  Before 15 of the month Due net;;;;
030;DDO0;31;B;00;00;000;0.000;000;0.000;000;01;01;00;00;00;00;;;;;;;;;;E;due 5th day 3mth;  Before 1 of the next month  Due net;;;;
030;DDO1;00;B;00;00;000;0.000;000;0.000;000;01;01;00;00;00;00;;;;;;;;;X;E;due 1st day 1mth;;;;;
030;DDO2;00;B;00;00;000;0.000;000;0.000;000;15;01;00;00;00;00;;;;;;;;;;E;due 15th day 1mth;;;;;
030;DDO3;00;B;00;00;000;0.000;000;0.000;000;01;02;00;00;00;00;;;;;;;;;;E;due 1st day 2mth;;;;;
030;DDO4;00;B;00;00;000;0.000;000;0.000;000;15;02;00;00;00;00;;;;;;;;;;E;due 15th day 2mth;;;;;
030;DDO5;00;B;00;00;000;0.000;000;0.000;000;01;03;00;00;00;00;;;;;;;;;;E;due 1st day 3mth;;;;;
030;DDO6;00;B;00;00;000;0.000;000;0.000;000;15;03;00;00;00;00;;;;;;;;;;E;due 15th day 3mth;;;;;
030;DDO7;00;B;00;00;000;0.000;000;0.000;000;01;04;00;00;00;00;;;;;;;;;;E;due 1st day 4mth;;;;;
030;DDO9;31;B;00;00;000;2.000;000;0.000;000;15;01;00;00;00;00;;;;;;;;;;E;within 21 d 2% on 1st or 15th;  Before 15 of the next month  2 % cash discount;;;;
030;DDO9;10;B;00;00;000;2.000;000;0.000;000;15;00;00;00;00;00;;;;;;;;;;E;within 21 d 2% on 1st or 15th;  Before 15 of the month 2 % cash discount;;;;
030;DDO9;24;B;00;00;000;2.000;000;0.000;000;01;01;00;00;00;00;;;;;;;;;;E;within 21 d 2% on 1st or 15th;  Before 1 of the next month  2 % cash discount;;;;
030;DDOA;31;B;00;00;000;3.000;000;0.000;000;15;01;00;00;00;00;;;;;;;;;;E;within 21 d 3% on 1st or 15th;  Before 15 of the next month  3 % cash discount;;;;
030;DDOA;10;B;00;00;000;3.000;000;0.000;000;15;00;00;00;00;00;;;;;;;;;;E;within 21 d 3% on 1st or 15th;  Before 15 of the month 3 % cash discount;;;;
030;DDOA;24;B;00;00;000;3.000;000;0.000;000;01;01;00;00;00;00;;;;;;;;;;E;within 21 d 3% on 1st or 15th;  Before 1 of the next month  3 % cash discount;;;;
030;DDOB;17;B;00;00;000;2.000;000;0.000;000;15;01;00;00;00;00;;;;;;;;;;E;;  Before 15 of the next month  2 % cash discount;;;;
030;DDOB;31;B;00;00;000;2.000;000;0.000;000;01;02;00;00;00;00;;;;;;;;;;E;;  Before 1 in 2 months 2 % cash discount;;;;
030;DDOC;17;B;00;00;000;3.000;000;0.000;000;15;01;00;00;00;00;;;;;;;;;;E;;  Before 15 of the next month  3 % cash discount;;;;
030;DDOC;31;B;00;00;000;3.000;000;0.000;000;01;02;00;00;00;00;;;;;;;;;;E;;  Before 1 in 2 months 3 % cash discount;;;;
030;DDP5;00;B;00;00;021;3.000;030;0.000;000;00;00;00;00;00;00;;;;;;;;;;E;;within 30 days Due net;;;;
030;DDP7;00;B;31;00;090;0.000;000;0.000;000;00;00;00;00;00;00;;;;;;;;;;E;;Baseline date on End of the month;;;;
030;DDP9;00;B;00;00;010;5.000;030;0.000;000;00;00;00;00;00;00;;;;;;;;;;E;;within 30 days Due net;;;;
030;DDPC;00;B;00;00;030;0.000;000;0.000;000;00;00;00;00;00;00;;;;;;;;;;E;;;;;;
030;DDR5;00;B;00;00;060;3.000;061;0.000;000;00;00;00;00;00;00;;;;;;;;;;E;;within 61 days Due net;;;;
030;DDR7;00;B;00;00;008;0.000;000;0.000;000;00;00;00;00;00;00;;;;;;;;;;E;8 Days, Bank Transfer;;;;;
030;DDSJ;00;B;00;00;014;4.000;060;0.000;000;00;00;00;00;00;00;;;;;;;;;;E;;within 60 days Due net;;;;
030;DDSY;00;B;00;00;105;0.000;000;0.000;000;00;00;00;00;00;00;;;;;;;;;;E;105 Days Net;;;;;
030;DDT6;00;B;00;00;120;0.000;000;0.000;000;00;00;00;00;00;00;;;;;;;;;;E;;;;;;
030;DDTN;00;B;00;00;008;4.000;009;0.000;000;00;00;00;00;00;00;;;;;;;;;;E;;within 9 days Due net;;;;
030;DDTT;00;B;30;00;010;2.000;045;0.000;000;00;00;00;00;00;00;;;;;;;;;;E;;within 45 days Due net;Baseline date on 30 of the month;;;
030;DDUM;00;B;00;00;014;4.000;030;3.000;045;00;00;00;00;00;00;;;;;;;;;;E;;within 30 days 3 % cash discount;within 45 days Due net;;;
030;DDUO;00;B;00;00;021;2.000;060;0.000;000;00;00;00;00;00;00;;;;;;;;;;E;;within 60 days Due net;;;;
030;DDYP;00;B;00;00;000;3.000;090;0.000;000;25;01;00;00;00;00;;;;;;;;;;E;;within 90 days Due net;;;;
030;DDYQ;00;B;00;00;008;2.000;014;0.000;000;00;00;00;00;00;00;;;;;;;;;;E;;within 14 days Due net;;;;
030;DDYZ;00;B;00;00;100;0.000;000;0.000;000;00;00;00;00;00;00;;;;;;;;;;E;100 Days Net;;;;;
030;DDZ2;00;B;00;00;014;3.000;030;0.000;000;00;00;00;00;00;00;;;;;;;;;;E;;within 30 days Due net;;;;
030;DDZA;00;B;00;00;050;0.000;000;0.000;000;00;00;00;00;00;00;;;;;;;;;;E;;;;;;
030;DDZW;00;B;31;00;150;0.000;000;0.000;000;00;00;00;00;00;00;;;;;;;;;;E;Within 150 days due net - EOM;Baseline date on End of the month;;;;
030;DDZZ;00;B;00;00;124;0.000;000;0.000;000;00;00;00;00;00;00;;;;;;;;;;E;Within 124 days due net (SCF);;;;;
030;DK00;00;B;31;00;030;0.000;000;0.000;000;00;00;00;00;00;00;;;;;;;;;;E;End of Month + 30 Day;Baseline date on End of the month;;;;
030;DK01;00;B;10;01;000;0.000;000;0.000;000;00;00;00;00;00;00;;;;;;;;;;E;End of Month + 10 Days;Baseline date on 10 of next month;;;;
030;DK02;00;B;15;01;000;0.000;000;0.000;000;00;00;00;00;00;00;;;;;;;;;;E;End of Month + 15 Days;Baseline date on 15 of next month;;;;
030;DK03;00;B;20;01;000;0.000;000;0.000;000;00;00;00;00;00;00;;;;;;;;;;E;End of Month + 20 Days;Baseline date on 20 of next month;;;;
030;DK04;00;B;31;00;060;0.000;000;0.000;000;00;00;00;00;00;00;;;;;;;;;;E;End of Month + 60 Days;Baseline date on End of the month;;;;
030;DK05;00;B;25;01;000;0.000;000;0.000;000;00;00;00;00;00;00;;;;;;;;;;E;End of Month + 25 Days;Baseline date on 25 of next month;;;;
030;DK06;00;B;31;00;005;0.000;000;0.000;000;00;00;00;00;00;00;;;;;;;;;;E;End of Month + 05 Days;Baseline date on End of the month;;;;
030;DK07;00;B;31;00;090;0.000;000;0.000;000;00;00;00;00;00;00;;;;;;;;;;E;End of Month + 90 Days;Baseline date on End of the month;;;;
030;DK08;00;B;31;00;050;0.000;000;0.000;000;00;00;00;00;00;00;;;;;;;;;;E;End of Month + 50 Days;Baseline date on End of the month;;;;
030;DK09;00;B;12;01;000;0.000;000;0.000;000;00;00;00;00;00;00;;;;;;;;;;E;End of Month + 12 Days;Baseline date on 12 of next month;;;;
030;DK10;00;B;00;00;000;0.000;000;0.000;000;00;00;00;00;00;00;;;;;;;;;;E;Net Cash;;;;;
030;DK12;00;B;31;00;040;0.000;000;0.000;000;00;00;00;00;00;00;;;;;;;;;;E;End of Month + 40 Days;Baseline date on End of the month;;;;
030;DK18;00;B;00;00;030;0.000;000;0.000;000;00;00;00;00;00;00;;;;;;;;;;E;30 Days Net;;;;;
030;DK19;00;B;00;00;008;0.000;000;0.000;000;00;00;00;00;00;00;;;;;;;;;;E;08 Days Net;;;;;
030;DK20;00;B;00;00;014;0.000;000;0.000;000;00;00;00;00;00;00;;;;;;;;;;E;14 Days Net;;;;;
030;DK21;00;B;00;00;020;0.000;000;0.000;000;00;00;00;00;00;00;;;;;;;;;;E;20 Days Net;;;;;
030;DK22;00;B;00;00;060;0.000;000;0.000;000;00;00;00;00;00;00;;;;;;;;;;E;60 Days Net;;;;;
030;DK23;00;B;00;00;090;0.000;000;0.000;000;00;00;00;00;00;00;;;;;;;;;;E;90 Days Net;;;;;
030;DK24;00;B;00;00;045;0.000;000;0.000;000;00;00;00;00;00;00;;;;;;;;;;E;45 Days Net;;;;;
030;DK25;00;B;00;00;015;0.000;000;0.000;000;00;00;00;00;00;00;;;;;;;;;;E;15 Days Net;;;;;
030;DK26;00;B;00;00;025;0.000;000;0.000;000;00;00;00;00;00;00;;;;;;;;;;E;25 Days Net;;;;;
030;DK28;00;B;08;01;000;0.000;000;0.000;000;00;00;00;00;00;00;;;;;;;;;;E;EOM + 08 Days;Baseline date on 8 of next month;;;;
030;DK29;00;B;14;01;000;0.000;000;0.000;000;00;00;00;00;00;00;;;;;;;;;;E;EOM + 14 Days;Baseline date on 14 of next month;;;;
030;DK30;00;B;28;01;000;0.000;000;0.000;000;00;00;00;00;00;00;;;;;;;;;;E;EOM + 28 Days;Baseline date on 28 of next month;;;;
030;DK31;00;B;31;00;035;0.000;000;0.000;000;00;00;00;00;00;00;;;;;;;;;;E;EOM + 35 Days;Baseline date on End of the month;;;;
030;DK45;00;B;31;00;000;0.000;000;0.000;000;00;00;00;00;00;00;;;;;;;;;;E;EOM;Baseline date on End of the month;;;;
030;DK48;00;B;31;00;045;0.000;000;0.000;000;00;00;00;00;00;00;;;;;;;;;;E;EOM + 45 Days;Baseline date on End of the month;;;;
030;DK50;00;B;00;00;010;0.000;000;0.000;000;00;00;00;00;00;00;;;;;;;;;;E;10 Days Net;;;;;
030;DK51;00;B;00;00;021;0.000;000;0.000;000;00;00;00;00;00;00;;;;;;;;;;E;21 Days Net;;;;;
030;DK55;00;B;00;00;030;2.000;000;0.000;000;00;00;00;00;00;00;;;;;;;;;;E;30 Days Net -2%;;;;;
030;DK57;00;B;00;00;014;2.000;000;0.000;000;00;00;00;00;00;00;;;;;;;;;;E;14 Days Net -2%;;;;;
030;DK64;00;B;00;00;000;0.000;000;0.000;000;00;00;00;00;00;00;;;;;;;;;;E;Cash on Delivery;;;;;
030;DK67;00;B;00;00;010;3.000;030;0.000;000;00;00;00;00;00;00;;;;;;;;;;E;30 Days Net/10 Days -3%;within 30 days Due net;;;;
030;DK70;00;B;00;00;008;2.000;030;0.000;000;00;00;00;00;00;00;;;;;;;;;;E;30 days net/8 days -2%.;within 30 days Due net;;;;
030;DK72;00;B;00;00;014;2.000;030;0.000;000;00;00;00;00;00;00;;;;;;;;;;E;30 Days Net/14 Days -2%;within 30 days Due net;;;;
030;DK74;00;B;00;00;000;0.000;000;0.000;000;00;00;00;00;00;00;;;;;;;;;;E;Cash on Delivery;;;;;
030;DK75;00;B;00;00;010;2.000;030;0.000;000;00;00;00;00;00;00;;;;;;;;;;E;30 Days Net/10 Days -2%;within 30 days Due net;;;;
030;DK77;00;B;00;00;050;0.000;000;0.000;000;00;00;00;00;00;00;;;;;;;;;;E;50 Days Net;;;;;
030;DK79;00;B;00;00;008;3.000;030;0.000;000;00;00;00;00;00;00;;;;;;;;;;E;30 Days Net/8 Days -3%;within 30 days Due net;;;;
030;DK82;00;B;31;00;062;0.000;000;0.000;000;00;00;00;00;00;00;;;;;;;;;;E;End of month + 62 days;Baseline date on End of the month;;;;
030;DK96;00;B;00;00;014;2.000;000;0.000;000;00;00;15;02;00;00;;;;;;;;;;E;EoM + 45 Days/14 Days  - 2%;Before 15 in 2 months Due net;;;;
030;DK99;00;B;31;00;093;0.000;000;0.000;000;00;00;00;00;00;00;;;;;;;;;;E;EOM + 93 days;Baseline date on End of the month;;;;
030;DKA2;00;B;00;00;075;0.000;000;0.000;000;00;00;00;00;00;00;;;;;;;;;;E;75 Days Net;;;;;
030;DKA4;00;B;00;00;014;3.000;030;0.000;000;00;00;00;00;00;00;;;;;;;;;;E;30 Days Net/14 Days -3%;within 30 days Due net;;;;
030;DKA6;00;B;00;00;035;0.000;000;0.000;000;00;00;00;00;00;00;;;;;;;;;;E;35 days net;;;;;
030;DKA7;00;B;00;00;008;5.000;030;0.000;000;00;00;00;00;00;00;;;;;;;;;;E;30 days net/8 days -5%;within 30 days Due net;;;;
030;DKAB;00;B;00;00;014;3.000;000;0.000;000;00;00;31;02;00;00;;;;;;;;;;E;EOM + 62 Days / 14 Days - 3%;Before End in 2 months Due net;;;;
030;DKAE;00;B;00;00;008;2.000;000;0.000;000;00;00;31;02;00;00;;;;;;;;;;E;EOM + 62 Days / 8 Days - 2%;Before End in 2 months Due net;;;;
030;DKAM;00;B;00;00;014;2.000;000;0.000;000;00;00;15;02;00;00;;;;;;;;;;E;EOM + 45 days / 14 days - 2%;Before 15 in 2 months Due net;;;;
030;DKAN;00;B;00;00;093;0.000;000;0.000;000;00;00;00;00;00;00;;;;;;;;;;E;93 Days Net;;;;;
030;DKAP;00;B;31;00;070;0.000;000;0.000;000;00;00;00;00;00;00;;;;;;;;;;E;End of Month + 70 days;Baseline date on End of the month;;;;
030;DKAT;00;B;21;01;000;0.000;000;0.000;000;00;00;00;00;00;00;;;;;;;;;;E;End of Month + 21 Days;Baseline date on 21 of next month;;;;
030;DKB8;00;B;31;00;055;0.000;000;0.000;000;00;00;00;00;00;00;;;;;;;;;;E;End of Month + 55 Days;Baseline date on End of the month;;;;
030;DKBG;00;B;00;00;008;2.000;060;0.000;000;00;00;00;00;00;00;;;;;;;;;;E;60 days/8 days -2%;within 60 days Due net;;;;
030;DKBU;00;B;00;00;008;3.000;045;0.000;000;00;00;00;00;00;00;;;;;;;;;;E;45 days/8 days -3%;within 45 days Due net;;;;
030;DKBY;00;B;00;00;060;2.000;090;0.000;000;00;00;00;00;00;00;;;;;;;;;;E;90 Days Net / 60 Days - 2%;within 90 days Due net;;;;
030;DKC3;00;B;00;00;014;2.000;060;0.000;000;00;00;00;00;00;00;;;;;;;;;;E;60 days net /14 days -2%;within 60 days Due net;;;;
030;DKC4;00;B;31;00;032;0.000;000;0.000;000;00;00;00;00;00;00;;;;;;;;;;E;Current  month + 32 Days;Baseline date on End of the month;;;;
030;DKC5;00;B;31;00;065;0.000;000;0.000;000;00;00;00;00;00;00;;;;;;;;;;E;Current month + 65 days;Baseline date on End of the month;;;;
030;DKD2;00;B;00;00;018;0.000;000;0.000;000;00;00;00;00;00;00;;;;;;;;;;E;18 Days Net;;;;;
030;DKD6;00;B;31;00;095;0.000;000;0.000;000;00;00;00;00;00;00;;;;;;;;;;E;EOM + 95 Days;Baseline date on End of the month;;;;
030;DSN0;00;B;00;00;000;0.000;000;0.000;000;21;01;00;00;00;00;;;;;;;;;;E;DSS Netting 21 days EOM;;;;;
030;DSNT;00;B;15;02;000;0.000;000;0.000;000;00;00;00;00;00;00;;;;;;;;;;E;;Baseline date on 15 in 2 months;;;;
030;F30;00;B;31;00;000;0.000;000;0.000;000;31;01;00;00;00;00;;;;;;;;;;E;End of the month following;Baseline date on End of the month;;;;
030;F35;00;B;31;00;000;0.000;000;0.000;000;05;02;00;00;00;00;;;;;;;;;;E;5th of second month following;Baseline date on End of the month;;;;
030;F45;00;B;31;00;000;0.000;000;0.000;000;15;02;00;00;00;00;;;;;;;;;;E;15th of second month following;Baseline date on End of the month;;;;
030;F60;00;B;31;00;000;0.000;000;0.000;000;31;02;00;00;00;00;;;;;;;;;;E;End of second month following;Baseline date on End of the month;;;;
030;F90;00;B;31;00;000;0.000;000;0.000;000;31;03;00;00;00;00;;;;;;;;;;E;End of third month following;Baseline date on End of the month;;;;
030;F95;00;B;31;00;095;0.000;000;0.000;000;00;00;00;00;00;00;;;;;;;;;;E;;Baseline date on End of the month;;;;
030;GB01;00;B;00;00;000;0.000;000;0.000;000;10;04;00;00;00;00;;;;;;;;;;E;;;;;;
030;GB03;00;B;00;00;000;0.000;000;0.000;000;15;04;00;00;00;00;;;;;;;;;;E;;;;;;
030;GB04;00;B;00;00;000;0.000;000;0.000;000;31;04;00;00;00;00;;;;;;;;;;E;;;;;;
030;GB06;00;B;00;00;000;0.000;000;0.000;000;15;01;00;00;00;00;;;;;;;;;;E;;;;;;
030;GB08;00;B;00;00;000;0.000;000;0.000;000;21;01;00;00;00;00;;;;;;;;;;E;;;;;;
030;GB10;00;B;00;00;000;0.000;000;0.000;000;24;01;00;00;00;00;;;;;;;;;;E;;;;;;
030;GB12;00;B;00;00;000;0.000;000;0.000;000;31;01;00;00;00;00;;;;;;;;;;E;;;;;;
030;GB17;00;B;00;00;000;0.000;000;0.000;000;15;02;00;00;00;00;;;;;;;;;;E;;;;;;
030;GB18;00;B;00;00;000;0.000;000;0.000;000;20;02;00;00;00;00;;;;;;;;;;E;;;;;;
030;GB22;00;B;00;00;000;0.000;000;0.000;000;31;02;00;00;00;00;;;;;;;;;;E;;;;;;
030;GB24;00;B;00;00;000;0.000;000;0.000;000;02;03;00;00;00;00;;;;;;;;;;E;;;;;;
030;GB25;00;B;00;00;000;0.000;000;0.000;000;05;03;00;00;00;00;;;;;;;;;;E;;;;;;
030;GB27;00;B;00;00;000;0.000;000;0.000;000;15;03;00;00;00;00;;;;;;;;;;E;;;;;;
030;GB30;00;B;00;00;000;0.000;000;0.000;000;31;03;00;00;00;00;;;;;;;;;;E;;;;;;
030;GB31;00;B;00;00;000;0.000;000;0.000;000;00;00;00;00;00;00;;;;;;;;;;E;;;;;;
030;GB32;00;B;00;00;001;0.000;000;0.000;000;00;00;00;00;00;00;;;;;;;;;;E;;;;;;
030;GB33;00;B;00;00;007;0.000;000;0.000;000;00;00;00;00;00;00;;;;;;;;;;E;;;;;;
030;GB35;00;B;00;00;010;0.000;000;0.000;000;00;00;00;00;00;00;;;;;;;;;;E;;;;;;
030;GB38;00;B;00;00;014;0.000;000;0.000;000;00;00;00;00;00;00;;;;;;;;;;E;;;;;;
030;GB39;00;B;00;00;014;3.000;030;0.000;000;00;00;00;00;00;00;;;;;;;;;;E;;within 30 days Due net;;;;
030;GB41;00;B;00;00;015;0.000;000;0.000;000;00;00;00;00;00;00;;;;;;;;;;E;;;;;;
030;GB43;00;B;00;00;020;0.000;000;0.000;000;00;00;00;00;00;00;;;;;;;;;;E;;;;;;
030;GB44;00;B;00;00;021;0.000;000;0.000;000;00;00;00;00;00;00;;;;;;;;;;E;;;;;;
030;GB45;00;B;00;00;025;0.000;000;0.000;000;00;00;00;00;00;00;;;;;;;;;;E;;;;;;
030;GB46;00;B;00;00;028;0.000;000;0.000;000;00;00;00;00;00;00;;;;;;;;;;E;;;;;;
030;GB47;00;B;00;00;030;0.000;000;0.000;000;00;00;00;00;00;00;;;;;;;;;;E;;;;;;
030;GB51;00;B;00;00;045;0.000;000;0.000;000;00;00;00;00;00;00;;;;;;;;;;E;;;;;;
030;GB54;00;B;00;00;060;0.000;000;0.000;000;00;00;00;00;00;00;;;;;;;;;;E;;;;;;
030;GB57;00;B;00;00;065;0.000;000;0.000;000;00;00;00;00;00;00;;;;;;;;;;E;;;;;;
030;GB60;00;B;00;00;075;0.000;000;0.000;000;00;00;00;00;00;00;;;;;;;;;;E;;;;;;
030;GB61;00;B;00;00;080;0.000;000;0.000;000;00;00;00;00;00;00;;;;;;;;;;E;;;;;;
030;GB62;00;B;00;00;090;0.000;000;0.000;000;00;00;00;00;00;00;;;;;;;;;;E;;;;;;
030;GB63;00;B;00;00;095;0.000;000;0.000;000;00;00;00;00;00;00;;;;;;;;;;E;;;;;;
030;GB64;00;B;00;00;000;0.000;000;0.000;000;17;02;00;00;00;00;;;;;;;;;;E;;;;;;
030;GB67;00;B;00;00;120;0.000;000;0.000;000;00;00;00;00;00;00;;;;;;;;;;E;;;;;;
030;GB70;00;B;00;00;000;0.000;000;0.000;000;05;01;00;00;00;00;;;;;;;;;;E;;;;;;
030;GB72;00;B;00;00;000;0.000;000;0.000;000;20;04;00;00;00;00;;;;;;;;;;E;;;;;;
030;GB73;00;B;00;00;000;0.000;000;0.000;000;04;05;00;00;00;00;;;;;;;;;;E;;;;;;
030;GB82;00;B;00;00;000;0.300;000;0.000;000;00;00;00;00;00;00;;;;;;;;;;E;;;;;;
030;GB86;00;B;00;00;095;0.000;000;0.000;000;00;00;00;00;00;00;;;;;;;;;;E;;;;;;
030;GB88;00;B;00;00;000;0.000;000;0.000;000;03;04;00;00;00;00;;;;;;;;;;E;;;;;;
030;GB89;00;B;00;00;040;0.000;000;0.000;000;00;00;00;00;00;00;;;;;;;;;;E;;;;;;
030;GB90;00;B;31;00;005;2.000;015;0.000;000;00;00;00;00;00;00;;;;;;;;;;E;;within 15 days Due net;Baseline date on End of the month;;;
030;GB94;00;B;00;00;106;0.000;000;0.000;000;00;00;00;00;00;00;;;;;;;;;;E;;;;;;
030;GB95;00;B;00;00;136;0.000;000;0.000;000;00;00;00;00;00;00;;;;;;;;;;E;;;;;;
030;GB96;00;B;00;00;105;0.000;000;0.000;000;00;00;00;00;00;00;;;;;;;;;;E;;;;;;
030;GB97;00;B;00;00;115;0.000;000;0.000;000;00;00;00;00;00;00;;;;;;;;;;E;;;;;;
030;GBBA;00;B;31;00;032;0.000;000;0.000;000;00;00;00;00;00;00;;;;;;;;;;E;150 days DOI;Baseline date on End of the month;;;;
030;GBBD;00;B;31;00;155;0.000;000;0.000;000;00;00;00;00;00;00;;;;;;;;;;E;155 days EOM;Baseline date on End of the month;;;;
030;GBBK;00;B;31;00;094;0.000;000;0.000;000;00;00;00;00;00;00;;;;;;;;;;E;;Baseline date on End of the month;;;;
030;GBT1;00;B;00;00;100;0.000;000;0.000;000;00;00;00;00;00;00;;;;;;;;;;E;;;;;;
030;GBT2;00;B;00;00;125;0.000;000;0.000;000;00;00;00;00;00;00;;;;;;;;;;E;;;;;;
030;HR01;00;B;00;00;030;0.000;000;0.000;000;00;00;00;00;00;00;;;;;;;;;;E;within 30 days Due net;;;;;
030;HR02;00;B;00;00;060;0.000;000;0.000;000;00;00;00;00;00;00;;;;;;;;;;E;within 60 days Due net;;;;;
030;HR03;00;B;00;00;014;0.000;000;0.000;000;00;00;00;00;00;00;;;;;;;;;;E;within 14 days Due net;;;;;
030;HR04;00;B;00;00;000;0.000;000;0.000;000;00;00;00;00;00;00;;;;;;;;;;E;Immed. payable without deduc.;;;;;
030;HR05;00;B;00;00;015;0.000;000;0.000;000;00;00;00;00;00;00;;;;;;;;;;E;within 15 days Due net;;;;;
030;HR06;00;B;00;00;045;0.000;000;0.000;000;00;00;00;00;00;00;;;;;;;;;;E;within 45 days Due net;;;;;
030;HR07;00;B;00;00;005;5.000;030;0.000;000;00;00;00;00;00;00;;;;;;;;;;E;5 days 5% dis, 30 days Due net;within 30 days Due net;;;;
030;HR08;00;B;00;00;008;0.000;000;0.000;000;00;00;00;00;00;00;;;;;;;;;;E;within 8 days Due net;;;;;
030;HR09;00;B;00;00;010;0.000;000;0.000;000;00;00;00;00;00;00;;;;;;;;;;E;within 10 days Due net;;;;;
030;HR10;00;B;00;00;007;3.000;010;0.000;000;00;00;00;00;00;00;;;;;;;;;;E;45 days 3% dis,46 days Due net;within 10 days Due net;;;;
030;HR11;00;B;00;00;090;0.000;000;0.000;000;00;00;00;00;00;00;;;;;;;;;;E;within 90 days Due net;;;;;
030;HR13;00;B;00;00;014;3.000;015;0.000;000;00;00;00;00;00;00;;;;;;;;;;E;14 days 3% dis,15 days Due net;within 15 days Due net;;;;
030;HR14;00;B;00;00;020;0.000;000;0.000;000;00;00;00;00;00;00;;;;;;;;;;E;within 20 days Due net;;;;;
030;HR15;00;B;00;00;014;2.000;030;0.000;000;00;00;00;00;00;00;;;;;;;;;;E;14 days 2% dis,30 days Due net;within 30 days Due net;;;;
030;HR16;00;B;00;00;007;0.000;000;0.000;000;00;00;00;00;00;00;;;;;;;;;;E;within 7 days Due net;;;;;
030;HR18;00;B;00;00;120;0.000;000;0.000;000;00;00;00;00;00;00;;;;;;;;;;E;within 120 days without deduc.;;;;;
030;HR21;00;B;00;00;014;2.000;090;0.000;000;00;00;00;00;00;00;;;;;;;;;;E;14 days 2% dis,90 days Due net;within 90 days Due net;;;;
030;HR22;00;B;00;00;075;0.000;000;0.000;000;00;00;00;00;00;00;;;;;;;;;;E;within 75 days Due net;;;;;
030;HR23;00;B;00;00;014;3.000;090;0.000;000;00;00;00;00;00;00;;;;;;;;;;E;14days 3%discount, 90days net;within 90 days Due net;;;;
030;HR24;00;B;00;00;014;3.000;045;0.000;000;00;00;00;00;00;00;;;;;;;;;;E;14days 3%discount, 45 days net;within 45 days Due net;;;;
030;HR29;00;B;31;00;000;0.000;000;0.000;000;30;01;00;00;00;00;;;;;;;;;;E;30 days after month end net;Baseline date on End of the month;;;;
030;HR30;00;B;31;00;000;0.000;000;0.000;000;15;02;00;00;00;00;;;;;;;;;;E;Before 15 in 2 months Due net;Baseline date on End of the month;;;;
030;HR32;00;B;00;00;000;0.000;000;0.000;000;00;00;00;00;00;00;;;;;;;;;;E;Payable immediately Due net;;;;;
030;HR33;00;B;00;00;014;2.000;060;0.000;000;00;00;00;00;00;00;;;;;;;;;;E;within 14 days 2% discount;within 60 days Due net;;;;
030;HR36;00;B;00;00;030;3.000;090;0.000;000;00;00;00;00;00;00;;;;;;;;;;E;30 days 3 % disc., 90d due net;within 90 days Due net;;;;
030;HR37;00;B;00;00;014;3.000;030;0.000;000;00;00;00;00;00;00;;;;;;;;;;E;within 14 days 3 %, 30d net;within 30 days Due net;;;;
030;HR38;00;B;00;00;014;3.000;060;0.000;000;00;00;00;00;00;00;;;;;;;;;;E;within 14 days, 3 %, 60d net;within 60 days Due net;;;;
030;HR39;00;B;00;00;030;3.000;045;0.000;000;00;00;00;00;00;00;;;;;;;;;;E;within 30 days, 3 %, 45d net;within 45 days Due net;;;;
030;HR40;00;B;00;00;045;3.000;060;0.000;000;00;00;00;00;00;00;;;;;;;;;;E;within 45 days, 3 %, 60d net;within 60 days Due net;;;;
030;HR44;00;B;00;00;010;2.000;030;0.000;000;00;00;00;00;00;00;;;;;;;;;;E;within 10 days, 2%, 30d net;within 30 days Due net;;;;
030;HR45;00;B;00;00;015;0.000;000;0.000;000;00;00;00;00;00;00;;;;;;;;;;E;within 15 days Due net;;;;;
030;HR48;00;B;00;00;005;0.000;000;0.000;000;00;00;00;00;00;00;;;;;;;;;;E;within 5 days Due net;;;;;
030;HR55;00;B;31;00;060;0.000;000;0.000;000;00;00;00;00;00;00;;;;;;;;;;E;;Baseline date on End of the month;;;;
030;HR59;00;B;00;00;000;5.000;030;0.000;000;00;00;00;00;00;00;;;;;;;;;;E;;within 30 days Due net;;;;
030;HR62;00;B;00;00;060;5.000;090;0.000;000;00;00;00;00;00;00;;;;;;;;;;E;;within 90 days Due net;;;;
030;HR63;00;B;00;00;030;3.000;060;2.000;070;00;00;00;00;00;00;;;;;;;;;;E;;within 60 days 2 % cash discount;within 70 days Due net;;;
030;HR65;00;B;00;00;008;2.000;016;0.000;000;00;00;00;00;00;00;;;;;;;;;;E;;within 16 days Due net;;;;
030;HR82;00;;00;00;060;0.000;000;0.000;000;01;01;00;00;00;00;;;;;;;;;;E;;;;;;
030;HU20;00;B;00;00;040;0.000;000;0.000;000;00;00;00;00;00;00;;;;;;;;;;E;;;;;;
030;HU21;00;B;00;00;120;0.000;000;0.000;000;00;00;00;00;00;00;;;;;;;;;;E;;;;;;
030;HU22;00;B;00;00;003;0.000;000;0.000;000;00;00;00;00;00;00;;;;;;;;;;E;;;;;;
030;HU23;00;;00;00;035;0.000;000;0.000;000;00;00;00;00;00;00;;;;;;;;;;E;;;;;;
030;HU24;00;B;00;00;040;0.000;000;0.000;000;00;00;00;00;00;00;;;;;;;;;;E;;;;;;
030;HU26;00;B;00;00;075;0.000;000;0.000;000;00;00;00;00;00;00;;;;;;;;;;E;;;;;;
030;HU28;00;B;00;00;012;0.000;000;0.000;000;00;00;00;00;00;00;;;;;;;;;;E;;;;;;
030;HU30;00;B;31;00;030;0.000;000;0.000;000;00;00;00;00;00;00;;;;;;;;;;E;;Baseline date on End of the month;;;;
030;N01;00;B;31;00;000;0.000;000;0.000;000;25;01;00;00;00;00;;;;;;;;;;E;DS Smith Netting;Baseline date on End of the month;;;;
030;NL34;00;B;31;00;045;0.000;000;0.000;000;00;00;00;00;00;00;;;;;;;;;;E;30 days eom + 15 days;Baseline date on End of the month;;;;
030;NL53;00;B;00;00;062;0.000;000;0.000;000;15;00;00;00;00;00;;;;;;;;;;E;;;;;;
030;RO01;00;B;25;00;000;0.000;000;0.000;000;00;00;00;00;00;00;;;;;;;;;;E;;Baseline date on 25 of the month;;;;
030;RO02;00;B;20;00;000;0.000;000;0.000;000;00;00;00;00;00;00;;;;;;;;;;E;;Baseline date on 20 of the month;;;;
030;S00;00;B;00;00;000;0.000;000;0.000;000;00;00;00;00;00;00;;;;;;;;;;E;Pay Immediately;;;;;
030;S108;00;B;00;00;015;2.000;030;0.000;000;00;00;00;00;00;00;;;;;;;;;;E;15 days 2%, 30 days net;within 30 days Due net;;;;
030;S139;00;B;00;00;008;2.000;030;0.000;000;00;00;00;00;00;00;;;;;;;;;;E;;within 30 days Due net;;;;
030;S30;00;B;00;00;030;0.000;000;0.000;000;00;00;00;00;00;00;;;;;;;;;;E;30 days Due net;;;;;
030;S60;00;B;00;00;060;0.000;000;0.000;000;00;00;00;00;00;00;;;;;;;;;;E;60 days Due net;;;;;
030;SF08;00;B;00;00;135;2.460;000;0.000;000;00;00;00;00;00;00;;;;;;;;;;E;SCF 2.46%;;;;;
030;US06;00;B;00;00;030;0.000;000;0.000;000;00;00;00;00;00;00;;;;;;;;;;E;30 Days from Date of Invoice;;;;;
